SpName,TableName
FOND_ID.USP_LOAD_ETL5_PAYLIFE_DRIVER_DETAIL.sql,USP_LOAD_ETL5_PAYLIFE_DRIVER_DETAIL
FOND_ID.USP_LOAD_ETL5_PAYLIFE_DRIVER_DETAIL.sql,USP_GetRunIdReturn
FOND_ID.USP_LOAD_ETL5_PAYLIFE_DRIVER_DETAIL.sql,FOND_IFRS17_PROC_LOG
FOND_ID.USP_LOAD_ETL5_PAYLIFE_DRIVER_DETAIL.sql,STAG_PAYLIFE_STAG_TBIILIFE_INSURED_FINAL
FOND_ID.USP_LOAD_ETL5_PAYLIFE_DRIVER_DETAIL.sql,FOND_PAYLIFE_DRIVER_DETAIL
FOND_ID.USP_LOAD_ETL5_PAYLIFE_DRIVER_DETAIL.sql,FOND_ETL5_PAYLIFE_DRIVER_DETAIL
FOND_ID.USP_LOAD_ETL5_PAYLIFE_DRIVER_DETAIL.sql,FOND_ETL5_PAYLIFE_FYP_DRIVER_DETAIL
FOND_ID.USP_LOAD_ETL5_PER_ACCOUNT_VALUE_DRIVER_DETAIL_YTD.sql,USP_LOAD_ETL5_PER_ACCOUNT_VALUE_DRIVER_DETAIL_YTD
FOND_ID.USP_LOAD_ETL5_PER_ACCOUNT_VALUE_DRIVER_DETAIL_YTD.sql,FOND_ETL5_PER_ACCOUNT_VALUE_DRIVER_DETAIL_YTD
FOND_ID.USP_LOAD_ETL5_PER_ACCOUNT_VALUE_DRIVER_DETAIL_YTD.sql,USP_GetRunIdReturn
FOND_ID.USP_LOAD_ETL5_PER_ACCOUNT_VALUE_DRIVER_DETAIL_YTD.sql,FOND_IFRS17_PROC_LOG
FOND_ID.USP_LOAD_ETL5_PER_ACCOUNT_VALUE_DRIVER_DETAIL_YTD.sql,FOND_ETL5_LIFEASIA_DRIVER_DETAIL_PER_ACCOUNT_VALUE
FOND_ID.USP_LOAD_ETL5_PER_ACCOUNT_VALUE_DRIVER_DETAIL_YTD.sql,FOND_ETL5_PRUEMAS_DRIVER_DETAIL
FOND_ID.USP_LOAD_ETL5_PER_ACCOUNT_VALUE_DRIVER_DETAIL_YTD.sql,FOND_ETL5_PRUAMAN_DRIVER_DETAIL
FOND_ID.USP_LOAD_ETL5_PER_ACCOUNT_VALUE_DRIVER_DETAIL_YTD.sql,FOND_ETL5_PRUAMAN_SHARIA_DRIVER_DETAIL
FOND_ID.USP_LOAD_ETL5_PER_ACCOUNT_VALUE_DRIVER_DETAIL_YTD.sql,FOND_ETL5_PAYLIFE_DRIVER_DETAIL
FOND_ID.USP_LOAD_ETL5_PER_ACCOUNT_VALUE_DRIVER_DETAIL_YTD.sql,FOND_ETL5_CREDITSHIELD_DRIVER_DETAIL
FOND_ID.USP_LOAD_ETL5_PER_ACCOUNT_VALUE_DRIVER_DETAIL_YTD.sql,FOND_ETL5_PER_ACCOUNT_VALUE_DRIVER_DETAIL
FOND_ID.USP_LOAD_ETL5_PER_ACCOUNT_VALUE_DRIVER_DETAIL_YTD.sql,FOND_IFRS17_ETL5_PROC_LOG
FOND_ID.USP_ETL5_PRE_ALLOCATED_BALANCE_CHECK.sql,USP_ETL5_PRE_ALLOCATED_BALANCE_CHECK
FOND_ID.USP_ETL5_PRE_ALLOCATED_BALANCE_CHECK.sql,USP_GetRunIdReturn
FOND_ID.USP_ETL5_PRE_ALLOCATED_BALANCE_CHECK.sql,FOND_IFRS17_PROC_LOG
FOND_ID.USP_ETL5_PRE_ALLOCATED_BALANCE_CHECK.sql,FOND_PRE_ALLOC_PASS_THROUGH_EXTRACT
FOND_ID.USP_ETL5_PRE_ALLOCATED_BALANCE_CHECK.sql,FOND_ETL5_SUNGL_EXTRACT
FOND_ID.USP_ETL5_PRE_ALLOCATED_BALANCE_CHECK.sql,FOND_ETL5_IFRS4_SUNGL
FOND_ID.USP_ETL5_PRE_ALLOCATED_BALANCE_CHECK.sql,FOND_ETL5_PRE_ALLOCATED_BALANCE_CHECK
FOND_ID.USP_ETL5_PRE_ALLOCATED_BALANCE_CHECK.sql,FOND_IFRS17_ETL5_PROC_LOG
FOND_ID.USP_ETL5_PRE_ALLOCATED_BALANCE_CHECK.sql,"FOND_ETL5_PRE_ALLOCATED_BALANCE_CHECK,@V_TOTAL_ROWS,MTD,@V_PERIOD"
STAG_ID.USP_LOAD_ETL5_MANUAL_CONFIG.sql,USP_LOAD_ETL5_MANUAL_CONFIG
STAG_ID.USP_LOAD_ETL5_MANUAL_CONFIG.sql,USP_GetRunIdReturn
STAG_ID.USP_LOAD_ETL5_MANUAL_CONFIG.sql,FOND_IFRS17_PROC_LOG
STAG_ID.USP_LOAD_ETL5_MANUAL_CONFIG.sql,STAG_BIN_ACCOUNT_CONFIG_DQ_DDLREF
STAG_ID.USP_LOAD_ETL5_MANUAL_CONFIG.sql,STAG_BIN_ACCOUNT_CONFIG_ALL
STAG_ID.USP_LOAD_ETL5_MANUAL_CONFIG.sql,STAG_CATEGORY_PORTOFOLIO_CONFIG_DQ_DDLREF
STAG_ID.USP_LOAD_ETL5_MANUAL_CONFIG.sql,STAG_CATEGORY_PORTOFOLIO_CONFIG_ALL
STAG_ID.USP_LOAD_ETL5_MANUAL_CONFIG.sql,STAG_EXCLUSION_CONFIG_DQ_DDLREF
STAG_ID.USP_LOAD_ETL5_MANUAL_CONFIG.sql,STAG_EXCLUSION_CONFIG_ALL
STAG_ID.USP_LOAD_ETL5_MANUAL_CONFIG.sql,STAG_PLAI_ALLOCATION_MAPPING_DQ_DDLREF
STAG_ID.USP_LOAD_ETL5_MANUAL_CONFIG.sql,STAG_PLAI_ALLOCATION_MAPPING_ALL
STAG_ID.USP_LOAD_ETL5_MANUAL_CONFIG.sql,STAG_PLAI_CLASSIFICATION_MAPPING_DQ_DDLREF
STAG_ID.USP_LOAD_ETL5_MANUAL_CONFIG.sql,STAG_PLAI_CLASSIFICATION_MAPPING_ALL
STAG_ID.USP_LOAD_ETL5_MANUAL_CONFIG.sql,STAG_PRE_ALLOCATED_CONFIGURATION_TABLE_DQ_DDLREF
STAG_ID.USP_LOAD_ETL5_MANUAL_CONFIG.sql,STAG_PRE_ALLOCATED_CONFIGURATION_TABLE_ALL
STAG_ID.USP_LOAD_ETL5_MANUAL_CONFIG.sql,STAG_REINSURANCE_CONFIG_TABLE_DQ_DDLREF
STAG_ID.USP_LOAD_ETL5_MANUAL_CONFIG.sql,STAG_REINSURANCE_CONFIG_TABLE_ALL
STAG_ID.USP_LOAD_ETL5_MANUAL_CONFIG.sql,STAG_PAR_VFA_OFFSET_CONFIG_DQ_DDLREF
STAG_ID.USP_LOAD_ETL5_MANUAL_CONFIG.sql,STAG_PAR_VFA_OFFSET_CONFIG_ALL
STAG_ID.USP_LOAD_ETL5_MANUAL_CONFIG.sql,FOND_ETL5_EXCLUSION_CONFIG
STAG_ID.USP_LOAD_ETL5_MANUAL_CONFIG.sql,FOND_ETL5_BIN_ACCOUNT_CONFIG
STAG_ID.USP_LOAD_ETL5_MANUAL_CONFIG.sql,STAG_BIN_ACCOUNT_CONFIG_DQ_DDLREF_EXTTB
STAG_ID.USP_LOAD_ETL5_MANUAL_CONFIG.sql,FOND_IFRS17_ETL5_PROC_LOG
STAG_ID.USP_LOAD_ETL5_MANUAL_CONFIG.sql,STAG_CATEGORY_PORTOFOLIO_CONFIG_DQ_DDLREF_EXTTB
STAG_ID.USP_LOAD_ETL5_MANUAL_CONFIG.sql,STAG_EXCLUSION_CONFIG_DQ_DDLREF_EXTTB
STAG_ID.USP_LOAD_ETL5_MANUAL_CONFIG.sql,STAG_PLAI_ALLOCATION_MAPPING_DQ_DDLREF_EXTTB
STAG_ID.USP_LOAD_ETL5_MANUAL_CONFIG.sql,STAG_PLAI_CLASSIFICATION_MAPPING_DQ_DDLREF_EXTTB
STAG_ID.USP_LOAD_ETL5_MANUAL_CONFIG.sql,STAG_PRE_ALLOCATED_CONFIGURATION_TABLE_DQ_DDLREF_EXTTB
STAG_ID.USP_LOAD_ETL5_MANUAL_CONFIG.sql,STAG_REINSURANCE_CONFIG_TABLE_DQ_DDLREF_EXTTB
STAG_ID.USP_LOAD_ETL5_MANUAL_CONFIG.sql,STAG_PAR_VFA_OFFSET_CONFIG_DQ_DDLREF_EXTTB
FOND_ID.USP_LOAD_ETL5_DRIVER_MASTER.sql,USP_LOAD_ETL5_DRIVER_MASTER
FOND_ID.USP_LOAD_ETL5_DRIVER_MASTER.sql,FOND_ETL5_DRIVER_MASTER
FOND_ID.USP_LOAD_ETL5_DRIVER_MASTER.sql,USP_GetRunIdReturn
FOND_ID.USP_LOAD_ETL5_DRIVER_MASTER.sql,FOND_IFRS17_PROC_LOG
FOND_ID.USP_LOAD_ETL5_DRIVER_MASTER.sql,FOND_ETL5_NOP_DRIVER_DETAIL
FOND_ID.USP_LOAD_ETL5_DRIVER_MASTER.sql,FOND_ETL5_PER_ACCOUNT_VALUE_DRIVER_DETAIL
FOND_ID.USP_LOAD_ETL5_DRIVER_MASTER.sql,FOND_ETL5_PERSISTENCY_COMMISSION_DRIVER_DETAIL
FOND_ID.USP_LOAD_ETL5_DRIVER_MASTER.sql,FOND_ETL5_RENEWAL_PREMIUM_DRIVER_DETAIL
FOND_ID.USP_LOAD_ETL5_DRIVER_MASTER.sql,FOND_ETL5_FYP_DRIVER_DETAIL
FOND_ID.USP_LOAD_ETL5_DRIVER_MASTER.sql,FOND_IFRS17_ICG_STORES
FOND_ID.USP_LOAD_ETL5_DRIVER_MASTER.sql,FOND_ETL5_RENOVA_DRIVER_DETAIL
FOND_ID.USP_LOAD_ETL5_DRIVER_MASTER.sql,FOND_ETL5_DRIVER_MASTER_INVALID
FOND_ID.USP_LOAD_ETL5_DRIVER_MASTER.sql,FOND_IFRS17_ETL5_PROC_LOG
FOND_ID.USP_LOAD_ETL5_RHO_BEL_REPORT.sql,USP_LOAD_ETL5_RHO_BEL_REPORT
FOND_ID.USP_LOAD_ETL5_RHO_BEL_REPORT.sql,USP_GetRunIdReturn
FOND_ID.USP_LOAD_ETL5_RHO_BEL_REPORT.sql,FOND_IFRS17_PROC_LOG
FOND_ID.USP_LOAD_ETL5_RHO_BEL_REPORT.sql,STAG_CONFIG_BEL_MANUAL_GROUP
FOND_ID.USP_LOAD_ETL5_RHO_BEL_REPORT.sql,STAG_VALIDATION_BEL_SAS_DATA
FOND_ID.USP_LOAD_ETL5_RHO_BEL_REPORT.sql,FOND_ETL5_RHO_BEL_RPT_DETAIL_RECONCILE
FOND_ID.USP_LOAD_ETL5_RHO_BEL_REPORT.sql,FOND_ETL5_RHO_BEL_RPT_DETAIL_BREAKDOWN
FOND_ID.USP_LOAD_ETL5_RHO_BEL_REPORT.sql,FOND_ETL5_RHO_BEL_RPT_SUMMARY
FOND_ID.USP_LOAD_ETL5_COMMISSION_SPLIT.sql,USP_LOAD_ETL5_COMMISSION_SPLIT
FOND_ID.USP_LOAD_ETL5_COMMISSION_SPLIT.sql,USP_GetRunIdReturn
FOND_ID.USP_LOAD_ETL5_COMMISSION_SPLIT.sql,FOND_IFRS17_PROC_LOG
FOND_ID.USP_LOAD_ETL5_COMMISSION_SPLIT.sql,STAG_CONFIG_ETL5_COMMISSION_LIST_CONFIG
FOND_ID.USP_LOAD_ETL5_COMMISSION_SPLIT.sql,STAG_SUNGL_ABSTR_IFRS4_SUNGL
FOND_ID.USP_LOAD_ETL5_COMMISSION_SPLIT.sql,FOND_ETL5_COMMISSION_SPLIT_VALIDATION
FOND_ID.USP_LOAD_ETL5_COMMISSION_SPLIT.sql,FOND_ETL5_COMMISSION_SPLIT_SUMMARY
FOND_ID.USP_LOAD_ETL5_CREDITSHIELD_DRIVER_DETAIL.sql,USP_LOAD_ETL5_CREDITSHIELD_DRIVER_DETAIL
FOND_ID.USP_LOAD_ETL5_CREDITSHIELD_DRIVER_DETAIL.sql,USP_LOAD_ETL5_CREDITSHEILD_DRIVER_DETAIL
FOND_ID.USP_LOAD_ETL5_CREDITSHIELD_DRIVER_DETAIL.sql,USP_GetRunIdReturn
FOND_ID.USP_LOAD_ETL5_CREDITSHIELD_DRIVER_DETAIL.sql,FOND_IFRS17_PROC_LOG
FOND_ID.USP_LOAD_ETL5_CREDITSHIELD_DRIVER_DETAIL.sql,STAG_CREDITSHIELD_STAG_PREMI
FOND_ID.USP_LOAD_ETL5_CREDITSHIELD_DRIVER_DETAIL.sql,STAG_CREDITSHIELD_STAG_ETL1_POLICY_RELATED
FOND_ID.USP_LOAD_ETL5_CREDITSHIELD_DRIVER_DETAIL.sql,FOND_ETL5_CREDITSHIELD_DRIVER_DETAIL
FOND_ID.USP_LOAD_ETL5_CREDITSHIELD_DRIVER_DETAIL.sql,FOND_ETL5_CREDITSHIELD_FYP_DRIVER_DETAIL
FOND_ID.USP_LOAD_ETL5_SUNGL_EXTRACT_BINEXCLUSION_SEPARATION_SPLITTING.sql,USP_LOAD_ETL5_SUNGL_EXTRACT_BINEXCLUSION_SEPARATION_SPLITTING
FOND_ID.USP_LOAD_ETL5_SUNGL_EXTRACT_BINEXCLUSION_SEPARATION_SPLITTING.sql,USP_LOAD_ETL5_SUNGL_EXTRACT_BINEXCLUSION_SEPARATION
FOND_ID.USP_LOAD_ETL5_SUNGL_EXTRACT_BINEXCLUSION_SEPARATION_SPLITTING.sql,USP_GetRunIdReturn
FOND_ID.USP_LOAD_ETL5_SUNGL_EXTRACT_BINEXCLUSION_SEPARATION_SPLITTING.sql,FOND_IFRS17_PROC_LOG
FOND_ID.USP_LOAD_ETL5_SUNGL_EXTRACT_BINEXCLUSION_SEPARATION_SPLITTING.sql,FOND_ETL5_BIN_ACCOUNT_CONFIG_SEP_TMP_SPLITTING+@yearmonth++
FOND_ID.USP_LOAD_ETL5_SUNGL_EXTRACT_BINEXCLUSION_SEPARATION_SPLITTING.sql,FOND_ETL5_SUNGL_EXTRACT_SEP_TMP_SPLITTING+@yearmonth++
FOND_ID.USP_LOAD_ETL5_SUNGL_EXTRACT_BINEXCLUSION_SEPARATION_SPLITTING.sql,FOND_PLAI_FOND_ETL5_SUNGL_EXCLUDED_SEP_TMP_SPLITTING+@yearmonth++
FOND_ID.USP_LOAD_ETL5_SUNGL_EXTRACT_BINEXCLUSION_SEPARATION_SPLITTING.sql,FOND_ETL5_EXCLUSION_CONFIG_SEP_TMP_SPLITTING+@yearmonth+
FOND_ID.USP_LOAD_ETL5_SUNGL_EXTRACT_BINEXCLUSION_SEPARATION_SPLITTING.sql,FOND_ETL5_BIN_ACCOUNT_CONFIG
FOND_ID.USP_LOAD_ETL5_SUNGL_EXTRACT_BINEXCLUSION_SEPARATION_SPLITTING.sql,FOND_ETL5_SUNGL_EXTRACT
FOND_ID.USP_LOAD_ETL5_SUNGL_EXTRACT_BINEXCLUSION_SEPARATION_SPLITTING.sql,FOND_PLAI_FOND_ETL5_SUNGL_EXCLUDED
FOND_ID.USP_LOAD_ETL5_SUNGL_EXTRACT_BINEXCLUSION_SEPARATION_SPLITTING.sql,FOND_ETL5_EXCLUSION_CONFIG
FOND_ID.USP_LOAD_ETL5_SUNGL_EXTRACT_BINEXCLUSION_SEPARATION_SPLITTING.sql,USP_LOAD_ETL5_SUNGL_EXTRACT_SPLITTING
FOND_ID.USP_LOAD_ETL5_SUNGL_EXTRACT_BINEXCLUSION_SEPARATION_SPLITTING.sql,USP_LOAD_ETL5_SUNGL_EXTRACT_EXCLUDED_SPLITTING
FOND_ID.USP_LOAD_ETL5_SUNGL_EXTRACT_BINEXCLUSION_SEPARATION_SPLITTING.sql,FOND_ETL5_SUNGL_EXTRACT_EXCLUSION
FOND_ID.USP_LOAD_ETL5_SUNGL_EXTRACT_BINEXCLUSION_SEPARATION_SPLITTING.sql,FOND_PLAI_FOND_ETL5_SUNGL_EXCLUDED_EXCLUSION
FOND_ID.USP_LOAD_ETL5_SUNGL_EXTRACT_BINEXCLUSION_SEPARATION_SPLITTING.sql,FOND_ETL5_BIN_ACCOUNT_CONFIG_SEP_TMP_SPLITTING+@yearmonth+
FOND_ID.USP_LOAD_ETL5_SUNGL_EXTRACT_BINEXCLUSION_SEPARATION_SPLITTING.sql,FOND_ETL5_SUNGL_EXTRACT_SEP_TMP_SPLITTING+@yearmonth+
FOND_ID.USP_LOAD_ETL5_SUNGL_EXTRACT_BINEXCLUSION_SEPARATION_SPLITTING.sql,FOND_PLAI_FOND_ETL5_SUNGL_EXCLUDED_SEP_TMP_SPLITTING+@yearmonth+
FOND_ID.USP_LOAD_ETL5_SUNGL_EXTRACT_BINEXCLUSION_SEPARATION_SPLITTING.sql,FOND_ETL5_SUNGL_EXTRACT_BIN
FOND_ID.USP_LOAD_ETL5_SUNGL_EXTRACT_BINEXCLUSION_SEPARATION_SPLITTING.sql,FOND_PLAI_FOND_ETL5_SUNGL_EXCLUDED_BIN
FOND_ID.USP_LOAD_ETL5_SUNGL_EXTRACT_BINEXCLUSION_SEPARATION_SPLITTING.sql,STAG_SUNGL_ABSTR_IFRS4_SUNGL
FOND_ID.USP_LOAD_ETL5_PRE_COVERAGE_RUNOFF_SPLITTING.sql,USP_LOAD_ETL5_PRE_COVERAGE_RUNOFF_SPLITTING
FOND_ID.USP_LOAD_ETL5_PRE_COVERAGE_RUNOFF_SPLITTING.sql,USP_GetRunIdReturn
FOND_ID.USP_LOAD_ETL5_PRE_COVERAGE_RUNOFF_SPLITTING.sql,FOND_IFRS17_PROC_LOG
FOND_ID.USP_LOAD_ETL5_PRE_COVERAGE_RUNOFF_SPLITTING.sql,STAG_CONFIG_STAG_PRE_COVERAGE_ETL5_COMPENSATION_SCHEME_CONFIG
FOND_ID.USP_LOAD_ETL5_PRE_COVERAGE_RUNOFF_SPLITTING.sql,FOND_ETL5_PRE_COVERAGE_RUNOFF
FOND_ID.USP_LOAD_ETL5_PRE_COVERAGE_RUNOFF_SPLITTING.sql,FOND_ETL5_PRE_COVERAGE
FOND_ID.USP_LOAD_ETL5_PRE_COVERAGE_RUNOFF_SPLITTING.sql,FOND_IFRS17_ETL5_PROC_LOG
FOND_ID.USP_LOAD_ETL5_RI_CAT_PERMIUM_PRE_ALLOCATED.sql,USP_LOAD_ETL5_RI_CAT_PERMIUM_PRE_ALLOCATED
FOND_ID.USP_LOAD_ETL5_RI_CAT_PERMIUM_PRE_ALLOCATED.sql,FOND_ETL5_RI_CAT_PREMIUM
FOND_ID.USP_LOAD_ETL5_RI_CAT_PERMIUM_PRE_ALLOCATED.sql,USP_GetRunIdReturn
FOND_ID.USP_LOAD_ETL5_RI_CAT_PERMIUM_PRE_ALLOCATED.sql,FOND_IFRS17_PROC_LOG
FOND_ID.USP_LOAD_ETL5_RI_CAT_PERMIUM_PRE_ALLOCATED.sql,USP_LOAD_ETL5_RI_CAT_LOADTOSTAG
FOND_ID.USP_LOAD_ETL5_RI_CAT_PERMIUM_PRE_ALLOCATED.sql,STAG_ETL5_RI_CAT_PRE_ALLOCATED
FOND_ID.USP_LOAD_ETL5_RI_CAT_PERMIUM_PRE_ALLOCATED.sql,STAG_CONFIG_STAG_ETL5_RI_CAT_PREMIUM_CONFIG
FOND_ID.USP_LOAD_ETL5_RI_CAT_PERMIUM_PRE_ALLOCATED.sql,STAG_CONFIG_ABST_FINANCE_CONFIG
FOND_ID.USP_LOAD_ETL5_RI_CAT_PERMIUM_PRE_ALLOCATED.sql,FOND_ETL5_IBNR_PRE_ALLOCATED
FOND_ID.USP_LOAD_ETL5_RI_CAT_PERMIUM_PRE_ALLOCATED.sql,FOND_PRE_ALLOC_PASS_THROUGH_EXTRACT
FOND_ID.USP_LOAD_ETL5_RI_CAT_PERMIUM_PRE_ALLOCATED.sql,FOND_IFRS17_ETL5_PROC_LOG
FOND_ID.USP_LOAD_ETL5_NOP_APE_DRIVER_DETAIL.sql,USP_LOAD_ETL5_NOP_APE_DRIVER_DETAIL
FOND_ID.USP_LOAD_ETL5_NOP_APE_DRIVER_DETAIL.sql,FOND_MIX_APE_NOP_DRIVER_DETAIL
FOND_ID.USP_LOAD_ETL5_NOP_APE_DRIVER_DETAIL.sql,FOND_IFRS17_PROC_LOG
FOND_ID.USP_LOAD_ETL5_NOP_APE_DRIVER_DETAIL.sql,STAG_CONFIG_MIX_DRIVER_DETAIL
FOND_ID.USP_LOAD_ETL5_NOP_APE_DRIVER_DETAIL.sql,FOND_ETL5_APE_DRIVER_DETAIL
FOND_ID.USP_LOAD_ETL5_NOP_APE_DRIVER_DETAIL.sql,FOND_ETL5_NOP_DRIVER_DETAIL
FOND_ID.USP_LOAD_ETL5_NOP_APE_DRIVER_DETAIL.sql,FOND_ETL5_DRIVER_RATIO_AND_ALLOCATION
FOND_ID.USP_LOAD_ETL5_NOP_APE_DRIVER_DETAIL.sql,FOND_ETL5_DRIVER_DETAIL_TOTAL_RATIO
FOND_ID.USP_LOAD_ETL5_NOP_APE_DRIVER_DETAIL.sql,FOND_ETL5_DRIVER_DETAIL_TOTAL_RATIO_POLICY
FOND_ID.USP_LOAD_ETL5_NOP_APE_DRIVER_DETAIL.sql,FOND_ETL5_DRIVER_DETAIL_ALL_RATIO
FOND_ID.USP_LOAD_ETL5_NOP_APE_DRIVER_DETAIL.sql,FOND_ETL5_DRIVER_DETAIL_MIX
FOND_ID.USP_LOAD_ETL5_RENOVA_DRIVER_DETAIL_YTD_SPLITTING.sql,USP_LOAD_ETL5_RENOVA_DRIVER_DETAIL_YTD_SPLITTING
FOND_ID.USP_LOAD_ETL5_RENOVA_DRIVER_DETAIL_YTD_SPLITTING.sql,USP_GetRunIdReturn
FOND_ID.USP_LOAD_ETL5_RENOVA_DRIVER_DETAIL_YTD_SPLITTING.sql,FOND_IFRS17_PROC_LOG
FOND_ID.USP_LOAD_ETL5_RENOVA_DRIVER_DETAIL_YTD_SPLITTING.sql,FOND_IFRS17_ICG_STORES
FOND_ID.USP_LOAD_ETL5_RENOVA_DRIVER_DETAIL_YTD_SPLITTING.sql,STAG_CONFIG_RENOVA_ETL1_MAPPING
FOND_ID.USP_LOAD_ETL5_RENOVA_DRIVER_DETAIL_YTD_SPLITTING.sql,STAG_CONFIG_IFRS17_PORTFOLIO_MAPPING
FOND_ID.USP_LOAD_ETL5_RENOVA_DRIVER_DETAIL_YTD_SPLITTING.sql,FOND_ETL5_LIFEASIA_DRIVER_DETAIL_RENOVA
FOND_ID.USP_LOAD_ETL5_RENOVA_DRIVER_DETAIL_YTD_SPLITTING.sql,FOND_ETL5_RENOVA_DRIVER_DETAIL
FOND_ID.USP_LOAD_ETL5_RENOVA_DRIVER_DETAIL_YTD_SPLITTING.sql,FOND_IFRS17_ETL5_PROC_LOG
FOND_ID.USP_LOAD_ETL5_SUNGL_ZERO_AUTOMATION.sql,USP_LOAD_ETL5_SUNGL_ZERO_AUTOMATION
FOND_ID.USP_LOAD_ETL5_SUNGL_ZERO_AUTOMATION.sql,USP_GetRunIdReturn
FOND_ID.USP_LOAD_ETL5_SUNGL_ZERO_AUTOMATION.sql,FOND_IFRS17_PROC_LOG
FOND_ID.USP_LOAD_ETL5_SUNGL_ZERO_AUTOMATION.sql,FOND_ETL5_IFRS4_SUNGL
FOND_ID.USP_LOAD_ETL5_SUNGL_ZERO_AUTOMATION.sql,STAG_CONFIG_SUNGL_MF
FOND_ID.USP_LOAD_ETL5_SUNGL_ZERO_AUTOMATION.sql,STAG_SUNGL_ABSTR_IFRS4_SUNGL_NEW_ENTRIES
FOND_ID.USP_LOAD_ETL5_SUNGL_ZERO_AUTOMATION.sql,USP_LOAD_ETL5_IFRS4_SUNGL
FOND_ID.USP_LOAD_ETL5_SUNGL_ZERO_AUTOMATION.sql,USP_LOAD_ETL5_SUNGL_EXTRACT
FOND_ID.USP_LOAD_ETL5_SUNGL_ZERO_AUTOMATION.sql,USP_LOAD_ETL5_SUNGL_EXTRACT_EXCLUDED
FOND_ID.USP_LOAD_ETL5_SUNGL_ZERO_AUTOMATION.sql,USP_LOAD_ETL5_SUNGL_EXTRACT_BINEXCLUSION_SEPARATION
STAG_ID.USP_LoadADLToDWH_ETL5_ConfigFiles.sql,USP_LoadADLToDWH_ETL5_ConfigFiles
FOND_ID.USP_LOAD_ETL5_FCT_CREATION_VALIDATION_DETAILS.sql,USP_LOAD_ETL5_FCT_CREATION_VALIDATION_DETAILS
FOND_ID.USP_LOAD_ETL5_FCT_CREATION_VALIDATION_DETAILS.sql,FOND_ETL5_FCT_CREATION_VALIDATION_DETAILS
FOND_ID.USP_LOAD_ETL5_FCT_CREATION_VALIDATION_DETAILS.sql,USP_GetRunIdReturn
FOND_ID.USP_LOAD_ETL5_FCT_CREATION_VALIDATION_DETAILS.sql,FOND_IFRS17_PROC_LOG
FOND_ID.USP_LOAD_ETL5_FCT_CREATION_VALIDATION_DETAILS.sql,STAG_CONFIG_ABST_FINANCE_CONFIG_HISTORICAL
FOND_ID.USP_LOAD_ETL5_APE_NOSTAFF_DRIVER_DETAIL.sql,USP_LOAD_ETL5_APE_NOSTAFF_DRIVER_DETAIL
FOND_ID.USP_LOAD_ETL5_APE_NOSTAFF_DRIVER_DETAIL.sql,FOND_MIX_APE_NOSTAFF_DRIVER_DETAIL
FOND_ID.USP_LOAD_ETL5_APE_NOSTAFF_DRIVER_DETAIL.sql,FOND_IFRS17_PROC_LOG
FOND_ID.USP_LOAD_ETL5_APE_NOSTAFF_DRIVER_DETAIL.sql,STAG_CONFIG_MIX_DRIVER_DETAIL
FOND_ID.USP_LOAD_ETL5_APE_NOSTAFF_DRIVER_DETAIL.sql,FOND_ETL5_APE_DRIVER_DETAIL
FOND_ID.USP_LOAD_ETL5_APE_NOSTAFF_DRIVER_DETAIL.sql,FOND_ETL5_NO_STAF_DRIVER_DETAIL
FOND_ID.USP_LOAD_ETL5_APE_NOSTAFF_DRIVER_DETAIL.sql,FOND_ETL5_DRIVER_RATIO_AND_ALLOCATION
FOND_ID.USP_LOAD_ETL5_APE_NOSTAFF_DRIVER_DETAIL.sql,FOND_ETL5_DRIVER_DETAIL_TOTAL_RATIO_POLICY
FOND_ID.USP_LOAD_ETL5_APE_NOSTAFF_DRIVER_DETAIL.sql,FOND_ETL5_DRIVER_DETAIL_TOTAL_RATIO
FOND_ID.USP_LOAD_ETL5_APE_NOSTAFF_DRIVER_DETAIL.sql,FOND_ETL5_DRIVER_DETAIL_ALL_RATIO
FOND_ID.USP_LOAD_ETL5_APE_NOSTAFF_DRIVER_DETAIL.sql,FOND_ETL5_DRIVER_DETAIL_MIX
FOND_ID.USP_LOAD_ETL5_SUNGL_ZERO_AUTOMATION_SPLITTING.sql,USP_LOAD_ETL5_SUNGL_ZERO_AUTOMATION_SPLITTING
FOND_ID.USP_LOAD_ETL5_SUNGL_ZERO_AUTOMATION_SPLITTING.sql,USP_GetRunIdReturn
FOND_ID.USP_LOAD_ETL5_SUNGL_ZERO_AUTOMATION_SPLITTING.sql,FOND_IFRS17_PROC_LOG
FOND_ID.USP_LOAD_ETL5_SUNGL_ZERO_AUTOMATION_SPLITTING.sql,FOND_ETL5_IFRS4_SUNGL
FOND_ID.USP_LOAD_ETL5_SUNGL_ZERO_AUTOMATION_SPLITTING.sql,STAG_CONFIG_SUNGL_MF
FOND_ID.USP_LOAD_ETL5_SUNGL_ZERO_AUTOMATION_SPLITTING.sql,STAG_SUNGL_ABSTR_IFRS4_SUNGL_NEW_ENTRIES
FOND_ID.USP_LOAD_ETL5_SUNGL_ZERO_AUTOMATION_SPLITTING.sql,USP_LOAD_ETL5_IFRS4_SUNGL_SPLITTING
FOND_ID.USP_LOAD_ETL5_SUNGL_ZERO_AUTOMATION_SPLITTING.sql,USP_LOAD_ETL5_SUNGL_EXTRACT_SPLITTING
FOND_ID.USP_LOAD_ETL5_SUNGL_ZERO_AUTOMATION_SPLITTING.sql,USP_LOAD_ETL5_SUNGL_EXTRACT_EXCLUDED_SPLITTING
FOND_ID.USP_LOAD_ETL5_SUNGL_ZERO_AUTOMATION_SPLITTING.sql,USP_LOAD_ETL5_SUNGL_EXTRACT_BINEXCLUSION_SEPARATION_SPLITTING
FOND_ID.USP_LOAD_ETL5_PRE_ALLOCATED_CONFIGURATION_TABLE.sql,USP_LOAD_ETL5_PRE_ALLOCATED_CONFIGURATION_TABLE
FOND_ID.USP_LOAD_ETL5_PRE_ALLOCATED_CONFIGURATION_TABLE.sql,FOND_CONFIG_STAG_PRE_ALLOCATED_CONFIGURATION_TABLE
FOND_ID.USP_LOAD_ETL5_PRE_ALLOCATED_CONFIGURATION_TABLE.sql,FOND_IFRS17_PROC_LOG
FOND_ID.USP_LOAD_ETL5_PRE_ALLOCATED_CONFIGURATION_TABLE.sql,STAG_CONFIG_STAG_PRE_ALLOCATED_CONFIGURATION_TABLE
FOND_ID.USP_LOAD_ETL5_PRE_ALLOCATED_CONFIGURATION_TABLE.sql,FOND_CONFIG_STAG_PLAI_CLASSIFICATION_MAPPING
FOND_ID.USP_LOAD_ETL5_PRE_ALLOCATED_CONFIGURATION_TABLE.sql,FOND_ETL5_EXCLUSION_CONFIG
FOND_ID.USP_LOAD_ETL5_PRE_ALLOCATED_CONFIGURATION_TABLE.sql,FOND_IFRS17_ETL5_PROC_LOG
FOND_ID.USP_LOAD_ETL5_LIFEASIA_MASTER_T0.sql,USP_LOAD_ETL5_LIFEASIA_MASTER_T0
FOND_ID.USP_LOAD_ETL5_LIFEASIA_MASTER_T0.sql,FOND_ETL5_LIFEASIA_MASTER_T0
FOND_ID.USP_LOAD_ETL5_LIFEASIA_MASTER_T0.sql,FOND_LIFEASIA_ETL4_LIFEASIA
FOND_ID.USP_LOAD_ETL5_LIFEASIA_MASTER_T0.sql,FOND_LIFEASIA_ETL4_LIFEASIA_INVALID
FOND_ID.USP_LOAD_ETL5_LIFEASIA_MASTER_T0.sql,FOND_LIFEASIA_ETL4_LIFEASIA_NONRELATED
FOND_ID.USP_LOAD_ETL5_LIFEASIA_MASTER_T0.sql,USP_GetRunIdReturn
FOND_ID.USP_LOAD_ETL5_LIFEASIA_MASTER_T0.sql,FOND_IFRS17_PROC_LOG
FOND_ID.USP_LOAD_ETL5_LIFEASIA_MASTER_T0.sql,FOND_IFRS17_ETL5_PROC_LOG
FOND_ID.USP_LOAD_ETL5_PER_ACCOUNT_VALUE_DRIVER_DETAIL_YTD_SPLITTING.sql,USP_LOAD_ETL5_PER_ACCOUNT_VALUE_DRIVER_DETAIL_YTD_SPLITTING
FOND_ID.USP_LOAD_ETL5_PER_ACCOUNT_VALUE_DRIVER_DETAIL_YTD_SPLITTING.sql,FOND_ETL5_PER_ACCOUNT_VALUE_DRIVER_DETAIL_YTD_SPLITTING
FOND_ID.USP_LOAD_ETL5_PER_ACCOUNT_VALUE_DRIVER_DETAIL_YTD_SPLITTING.sql,USP_GetRunIdReturn
FOND_ID.USP_LOAD_ETL5_PER_ACCOUNT_VALUE_DRIVER_DETAIL_YTD_SPLITTING.sql,FOND_IFRS17_PROC_LOG
FOND_ID.USP_LOAD_ETL5_PER_ACCOUNT_VALUE_DRIVER_DETAIL_YTD_SPLITTING.sql,FOND_IFRS17_ICG_STORES
FOND_ID.USP_LOAD_ETL5_PER_ACCOUNT_VALUE_DRIVER_DETAIL_YTD_SPLITTING.sql,STAG_CONFIG_RENOVA_ETL1_MAPPING
FOND_ID.USP_LOAD_ETL5_PER_ACCOUNT_VALUE_DRIVER_DETAIL_YTD_SPLITTING.sql,STAG_CONFIG_IFRS17_PORTFOLIO_MAPPING
FOND_ID.USP_LOAD_ETL5_PER_ACCOUNT_VALUE_DRIVER_DETAIL_YTD_SPLITTING.sql,FOND_ETL5_LIFEASIA_DRIVER_DETAIL_PER_ACCOUNT_VALUE
FOND_ID.USP_LOAD_ETL5_PER_ACCOUNT_VALUE_DRIVER_DETAIL_YTD_SPLITTING.sql,FOND_ETL5_PRUEMAS_DRIVER_DETAIL
FOND_ID.USP_LOAD_ETL5_PER_ACCOUNT_VALUE_DRIVER_DETAIL_YTD_SPLITTING.sql,FOND_ETL5_PRUAMAN_DRIVER_DETAIL
FOND_ID.USP_LOAD_ETL5_PER_ACCOUNT_VALUE_DRIVER_DETAIL_YTD_SPLITTING.sql,FOND_ETL5_PRUAMAN_SHARIA_DRIVER_DETAIL
FOND_ID.USP_LOAD_ETL5_PER_ACCOUNT_VALUE_DRIVER_DETAIL_YTD_SPLITTING.sql,FOND_ETL5_PAYLIFE_DRIVER_DETAIL
FOND_ID.USP_LOAD_ETL5_PER_ACCOUNT_VALUE_DRIVER_DETAIL_YTD_SPLITTING.sql,FOND_ETL5_CREDITSHIELD_DRIVER_DETAIL
FOND_ID.USP_LOAD_ETL5_PER_ACCOUNT_VALUE_DRIVER_DETAIL_YTD_SPLITTING.sql,FOND_ETL5_PER_ACCOUNT_VALUE_DRIVER_DETAIL
FOND_ID.USP_LOAD_ETL5_PER_ACCOUNT_VALUE_DRIVER_DETAIL_YTD_SPLITTING.sql,FOND_IFRS17_ETL5_PROC_LOG
FOND_ID.USP_LOAD_ETL5_MJE.sql,USP_LOAD_ETL5_MJE
FOND_ID.USP_LOAD_ETL5_MJE.sql,USP_GetRunIdReturn
FOND_ID.USP_LOAD_ETL5_MJE.sql,FOND_IFRS17_PROC_LOG
FOND_ID.USP_LOAD_ETL5_MJE.sql,STAG_CONFIG_ETL5_MJE_MASTER_T7_CONFIG
FOND_ID.USP_LOAD_ETL5_MJE.sql,FOND_ETL5_SUNGL_EXTRACT
FOND_ID.USP_LOAD_ETL5_MJE.sql,STAG_CONFIG_ETL5_MJE_BS_PNL_LIST_CONFIG
FOND_ID.USP_LOAD_ETL5_MJE.sql,STAG_CONFIG_ETL5_MJE_FILTERED_CONFIG
FOND_ID.USP_LOAD_ETL5_MJE.sql,STAG_CONFIG_ETL5_MJE_UNFILTERED_PREM_CLAIM_COMM_CONFIG
FOND_ID.USP_LOAD_ETL5_MJE.sql,FOND_ETL5_MJE_FILTERED
FOND_ID.USP_LOAD_ETL5_MJE.sql,FOND_ETL5_MJE_UNFILTERED
FOND_ID.USP_LOAD_ETL5_MJE.sql,FOND_IFRS17_ETL5_PROC_LOG
FOND_ID.USP_LOAD_ETL5_LIFEASIA_DRIVER_DETAIL_APE.sql,USP_LOAD_ETL5_LIFEASIA_DRIVER_DETAIL_APE
FOND_ID.USP_LOAD_ETL5_LIFEASIA_DRIVER_DETAIL_APE.sql,FOND_ETL5_LIFEASIA_DRIVER_DETAIL_APE
FOND_ID.USP_LOAD_ETL5_LIFEASIA_DRIVER_DETAIL_APE.sql,FOND_LIFEASIA_ETL4_LIFEASIA
FOND_ID.USP_LOAD_ETL5_LIFEASIA_DRIVER_DETAIL_APE.sql,FOND_LIFEASIA_ETL4_LIFEASIA_INVALID
FOND_ID.USP_LOAD_ETL5_LIFEASIA_DRIVER_DETAIL_APE.sql,USP_GetRunIdReturn
FOND_ID.USP_LOAD_ETL5_LIFEASIA_DRIVER_DETAIL_APE.sql,FOND_IFRS17_PROC_LOG
FOND_ID.USP_LOAD_ETL5_LIFEASIA_DRIVER_DETAIL_APE.sql,STAG_DATAMART_ETL5_LAND_APIS
FOND_ID.USP_LOAD_ETL5_LIFEASIA_DRIVER_DETAIL_APE.sql,STAG_LIFEASIA_CHDRPF
FOND_ID.USP_LOAD_ETL5_LIFEASIA_DRIVER_DETAIL_APE.sql,STAG_LIFEASIA_HPADPF
FOND_ID.USP_LOAD_ETL5_LIFEASIA_DRIVER_DETAIL_APE.sql,STAG_LIFEASIA_COVRPF
FOND_ID.USP_LOAD_ETL5_LIFEASIA_DRIVER_DETAIL_APE.sql,STAG_LIFEASIA_COVTPF
FOND_ID.USP_LOAD_ETL5_LIFEASIA_DRIVER_DETAIL_APE.sql,FOND_ETL5_LIFEASIA_MASTER_T0
FOND_ID.USP_LOAD_ETL5_LIFEASIA_DRIVER_DETAIL_APE.sql,FOND_IFRS17_ETL5_PROC_LOG
FOND_ID.USP_LOAD_ETL5_PERSISTENCY_COMMISSION_DRIVER_DETAIL_YTD_SPLITTING.sql,USP_LOAD_ETL5_PERSISTENCY_COMMISSION_DRIVER_DETAIL_YTD_SPLITTING
FOND_ID.USP_LOAD_ETL5_PERSISTENCY_COMMISSION_DRIVER_DETAIL_YTD_SPLITTING.sql,USP_GetRunIdReturn
FOND_ID.USP_LOAD_ETL5_PERSISTENCY_COMMISSION_DRIVER_DETAIL_YTD_SPLITTING.sql,FOND_IFRS17_PROC_LOG
FOND_ID.USP_LOAD_ETL5_PERSISTENCY_COMMISSION_DRIVER_DETAIL_YTD_SPLITTING.sql,FOND_IFRS17_ICG_STORES
FOND_ID.USP_LOAD_ETL5_PERSISTENCY_COMMISSION_DRIVER_DETAIL_YTD_SPLITTING.sql,STAG_CONFIG_RENOVA_ETL1_MAPPING
FOND_ID.USP_LOAD_ETL5_PERSISTENCY_COMMISSION_DRIVER_DETAIL_YTD_SPLITTING.sql,STAG_CONFIG_IFRS17_PORTFOLIO_MAPPING
FOND_ID.USP_LOAD_ETL5_PERSISTENCY_COMMISSION_DRIVER_DETAIL_YTD_SPLITTING.sql,FOND_ETL5_LIFEASIA_DRIVER_DETAIL_PREMIUM_COLLECTED_RENEWAL_PREMIUM
FOND_ID.USP_LOAD_ETL5_PERSISTENCY_COMMISSION_DRIVER_DETAIL_YTD_SPLITTING.sql,FOND_ETL5_PRUEMAS_DRIVER_DETAIL
FOND_ID.USP_LOAD_ETL5_PERSISTENCY_COMMISSION_DRIVER_DETAIL_YTD_SPLITTING.sql,FOND_ETL5_PRUAMAN_DRIVER_DETAIL
FOND_ID.USP_LOAD_ETL5_PERSISTENCY_COMMISSION_DRIVER_DETAIL_YTD_SPLITTING.sql,FOND_ETL5_PRUAMAN_SHARIA_DRIVER_DETAIL
FOND_ID.USP_LOAD_ETL5_PERSISTENCY_COMMISSION_DRIVER_DETAIL_YTD_SPLITTING.sql,FOND_ETL5_PAYLIFE_DRIVER_DETAIL
FOND_ID.USP_LOAD_ETL5_PERSISTENCY_COMMISSION_DRIVER_DETAIL_YTD_SPLITTING.sql,FOND_ETL5_CREDITSHIELD_DRIVER_DETAIL
FOND_ID.USP_LOAD_ETL5_PERSISTENCY_COMMISSION_DRIVER_DETAIL_YTD_SPLITTING.sql,FOND_ETL5_PERSISTENCY_COMMISSION_DRIVER_DETAIL
FOND_ID.USP_LOAD_ETL5_PERSISTENCY_COMMISSION_DRIVER_DETAIL_YTD_SPLITTING.sql,FOND_IFRS17_ETL5_PROC_LOG
FOND_ID.USP_LOAD_ETL5_CLASSIFICATION_MAPPING.sql,USP_LOAD_ETL5_CLASSIFICATION_MAPPING
FOND_ID.USP_LOAD_ETL5_CLASSIFICATION_MAPPING.sql,FOND_ETL5_CLASSIFICATION_MAPPING
FOND_ID.USP_LOAD_ETL5_CLASSIFICATION_MAPPING.sql,FOND_IFRS17_PROC_LOG
FOND_ID.USP_LOAD_ETL5_CLASSIFICATION_MAPPING.sql,STAG_CONFIG_STAG_PLAI_CLASSIFICATION_MAPPING
FOND_ID.USP_LOAD_ETL5_CLASSIFICATION_MAPPING.sql,FOND_CONFIG_STAG_PLAI_CLASSIFICATION_MAPPING
FOND_ID.USP_LOAD_ETL5_CLASSIFICATION_MAPPING.sql,FOND_ETL5_EXCLUSION_CONFIG
FOND_ID.USP_LOAD_ETL5_CLASSIFICATION_MAPPING.sql,FOND_IFRS17_ETL5_PROC_LOG
FOND_ID.USP_LOAD_ETL5_LIFEASIA_DRIVER_DETAIL_PREMIUM_FYP_COLLECTED_RENEWAL_PREMIUM.sql,USP_LOAD_ETL5_LIFEASIA_DRIVER_DETAIL_PREMIUM_FYP_COLLECTED_RENEWAL_PREMIUM
FOND_ID.USP_LOAD_ETL5_LIFEASIA_DRIVER_DETAIL_PREMIUM_FYP_COLLECTED_RENEWAL_PREMIUM.sql,FOND_LIFEASIA_ETL4_LIFEASIA
FOND_ID.USP_LOAD_ETL5_LIFEASIA_DRIVER_DETAIL_PREMIUM_FYP_COLLECTED_RENEWAL_PREMIUM.sql,FOND_LIFEASIA_ETL4_LIFEASIA_INVALID
FOND_ID.USP_LOAD_ETL5_LIFEASIA_DRIVER_DETAIL_PREMIUM_FYP_COLLECTED_RENEWAL_PREMIUM.sql,FOND_IFRS17_PROC_LOG
FOND_ID.USP_LOAD_ETL5_LIFEASIA_DRIVER_DETAIL_PREMIUM_FYP_COLLECTED_RENEWAL_PREMIUM.sql,STAG_LIFEASIA_HPADPF
FOND_ID.USP_LOAD_ETL5_LIFEASIA_DRIVER_DETAIL_PREMIUM_FYP_COLLECTED_RENEWAL_PREMIUM.sql,STAG_LIFEASIA_CHDRPF
FOND_ID.USP_LOAD_ETL5_LIFEASIA_DRIVER_DETAIL_PREMIUM_FYP_COLLECTED_RENEWAL_PREMIUM.sql,FOND_ETL5_LIFEASIA_MASTER_T0
FOND_ID.USP_LOAD_ETL5_LIFEASIA_DRIVER_DETAIL_PREMIUM_FYP_COLLECTED_RENEWAL_PREMIUM.sql,FOND_ETL5_LIFEASIA_DRIVER_DETAIL_PREMIUM_COLLECTED_RENEWAL_PREMIUM
FOND_ID.USP_LOAD_ETL5_LIFEASIA_DRIVER_DETAIL_PREMIUM_FYP_COLLECTED_RENEWAL_PREMIUM.sql,FOND_ETL5_LIFEASIA_DRIVER_DETAIL_PREMIUM_FYP_COLLECTED_RENEWAL_PREMIUM
FOND_ID.USP_LOAD_ETL5_LIFEASIA_DRIVER_DETAIL_PREMIUM_FYP_COLLECTED_RENEWAL_PREMIUM.sql,FOND_IFRS17_ETL5_PROC_LOG
FOND_ID.USP_LOAD_ETL5_PRUAMAN_DRIVER_DETAIL.sql,USP_LOAD_ETL5_PRUAMAN_DRIVER_DETAIL
FOND_ID.USP_LOAD_ETL5_PRUAMAN_DRIVER_DETAIL.sql,USP_GetRunIdReturn
FOND_ID.USP_LOAD_ETL5_PRUAMAN_DRIVER_DETAIL.sql,FOND_IFRS17_PROC_LOG
FOND_ID.USP_LOAD_ETL5_PRUAMAN_DRIVER_DETAIL.sql,FOND_PRUAMAN_ETL4_PRUAMAN
FOND_ID.USP_LOAD_ETL5_PRUAMAN_DRIVER_DETAIL.sql,FOND_ETL5_PRUAMAN_DRIVER_DETAIL
FOND_ID.USP_LOAD_ETL5_PRUAMAN_DRIVER_DETAIL.sql,FOND_ETL5_PRUAMAN_FYP_DRIVER_DETAIL
FOND_ID.USP_LOAD_ETL5_PRUAMAN_DRIVER_DETAIL.sql,FOND_IFRS17_ETL5_PROC_LOG
FOND_ID.USP_LOAD_ETL5_INSERT_UC_DRIVER_FYP_POLICY.sql,USP_LOAD_ETL5_INSERT_UC_DRIVER_FYP_POLICY
FOND_ID.USP_LOAD_ETL5_INSERT_UC_DRIVER_FYP_POLICY.sql,FOND_IFRS17_PROC_LOG
FOND_ID.USP_LOAD_ETL5_INSERT_UC_DRIVER_FYP_POLICY.sql,FOND_ETL5_DRIVER_FYP_POLICY
FOND_ID.USP_LOAD_ETL5_INSERT_UC_DRIVER_FYP_POLICY.sql,STAG_CONFIG_IFRS17_PARAM_TABLE_MAPPING
FOND_ID.USP_LOAD_ETL5_INSERT_UC_DRIVER_FYP_POLICY.sql,STAG_CONFIG_IFRS17_PARAM_TABLE_MAPPING_NONRELATED
FOND_ID.USP_LOAD_ETL5_INSERT_UC_DRIVER_FYP_POLICY.sql,"STAG_LIFEASIA_ACMVPF,@IFRS17_YEAR,@TABLE_SUFFIX,"
FOND_ID.USP_LOAD_ETL5_INSERT_UC_DRIVER_FYP_POLICY.sql,"STAG_LIFEASIA_AB618B671,@IFRS17_YEAR,@TABLE_SUFFIX,"
FOND_ID.USP_LOAD_ETL5_INSERT_UC_DRIVER_FYP_POLICY.sql,"STAG_LIFEASIA_RTRNPF,@TABLE_SUFFIX,"
FOND_ID.USP_LOAD_ETL5_INSERT_UC_DRIVER_FYP_POLICY.sql,FOND_PREP_LIFEASIA_GTRNPF_GENLPF
FOND_ID.USP_LOAD_ETL5_INSERT_UC_DRIVER_FYP_POLICY.sql,STAG_LIFEASIA_CHDRPF
FOND_ID.USP_LOAD_ETL5_INSERT_UC_DRIVER_FYP_POLICY.sql,STAG_LIFEASIA_COVRPF
FOND_ID.USP_LOAD_ETL5_INSERT_UC_DRIVER_FYP_POLICY.sql,STAG_LIFEASIA_COVTPF
FOND_ID.USP_LOAD_ETL5_INSERT_UC_DRIVER_FYP_POLICY.sql,STAG_LIFEASIA_DESCPF
FOND_ID.USP_LOAD_ETL5_INSERT_UC_DRIVER_FYP_POLICY.sql,STAG_LIFEASIA_HPADPF
FOND_ID.USP_LOAD_ETL5_CLASSIFICATION_VALIDATION.sql,USP_LOAD_ETL5_CLASSIFICATION_VALIDATION
FOND_ID.USP_LOAD_ETL5_CLASSIFICATION_VALIDATION.sql,USP_GetRunIdReturn
FOND_ID.USP_LOAD_ETL5_CLASSIFICATION_VALIDATION.sql,FOND_IFRS17_PROC_LOG
FOND_ID.USP_LOAD_ETL5_CLASSIFICATION_VALIDATION.sql,FOND_ETL5_IFRS4_SUNGL_CLASS
FOND_ID.USP_LOAD_ETL5_CLASSIFICATION_VALIDATION.sql,FOND_ETL5_CLASSIFICATION_PER_EXPENSE
FOND_ID.USP_LOAD_ETL5_CLASSIFICATION_VALIDATION.sql,FOND_ETL5_CLASSIFICATION_PER_CASHFLOW
FOND_ID.USP_LOAD_ETL5_CLASSIFICATION_VALIDATION.sql,FOND_ETL5_SUNGL_EXTRACT
FOND_ID.USP_LOAD_ETL5_CLASSIFICATION_VALIDATION.sql,FOND_ETL4_HIST_PAS_NON_POL_NEW
FOND_ID.USP_LOAD_ETL5_CLASSIFICATION_VALIDATION.sql,FOND_ETL5_FCT_CREATION_VALIDATION_DETAILS
FOND_ID.USP_LOAD_ETL5_CLASSIFICATION_VALIDATION.sql,STAG_CONFIG_EXPENSE_CONTROL_ACCT
FOND_ID.USP_LOAD_ETL5_MJE_SPLITTING.sql,USP_LOAD_ETL5_MJE_SPLITTING
FOND_ID.USP_LOAD_ETL5_MJE_SPLITTING.sql,USP_GetRunIdReturn
FOND_ID.USP_LOAD_ETL5_MJE_SPLITTING.sql,FOND_IFRS17_PROC_LOG
FOND_ID.USP_LOAD_ETL5_MJE_SPLITTING.sql,STAG_CONFIG_ETL5_MJE_MASTER_T7_CONFIG
FOND_ID.USP_LOAD_ETL5_MJE_SPLITTING.sql,FOND_ETL5_SUNGL_EXTRACT
FOND_ID.USP_LOAD_ETL5_MJE_SPLITTING.sql,STAG_CONFIG_ETL5_MJE_BS_PNL_LIST_CONFIG
FOND_ID.USP_LOAD_ETL5_MJE_SPLITTING.sql,STAG_CONFIG_ETL5_MJE_FILTERED_CONFIG
FOND_ID.USP_LOAD_ETL5_MJE_SPLITTING.sql,STAG_CONFIG_ETL5_MJE_UNFILTERED_PREM_CLAIM_COMM_CONFIG
FOND_ID.USP_LOAD_ETL5_MJE_SPLITTING.sql,FOND_ETL5_MJE_FILTERED
FOND_ID.USP_LOAD_ETL5_MJE_SPLITTING.sql,FOND_ETL5_MJE_UNFILTERED
FOND_ID.USP_LOAD_ETL5_MJE_SPLITTING.sql,FOND_IFRS17_ETL5_PROC_LOG
FOND_ID.USP_LOAD_ETL5_PERSISTENCY_COMMISSION_DRIVER_DETAIL_YTD.sql,USP_LOAD_ETL5_PERSISTENCY_COMMISSION_DRIVER_DETAIL_YTD
FOND_ID.USP_LOAD_ETL5_PERSISTENCY_COMMISSION_DRIVER_DETAIL_YTD.sql,USP_GetRunIdReturn
FOND_ID.USP_LOAD_ETL5_PERSISTENCY_COMMISSION_DRIVER_DETAIL_YTD.sql,FOND_IFRS17_PROC_LOG
FOND_ID.USP_LOAD_ETL5_PERSISTENCY_COMMISSION_DRIVER_DETAIL_YTD.sql,FOND_ETL5_LIFEASIA_DRIVER_DETAIL_PREMIUM_COLLECTED_RENEWAL_PREMIUM
FOND_ID.USP_LOAD_ETL5_PERSISTENCY_COMMISSION_DRIVER_DETAIL_YTD.sql,FOND_ETL5_PRUEMAS_DRIVER_DETAIL
FOND_ID.USP_LOAD_ETL5_PERSISTENCY_COMMISSION_DRIVER_DETAIL_YTD.sql,FOND_ETL5_PRUAMAN_DRIVER_DETAIL
FOND_ID.USP_LOAD_ETL5_PERSISTENCY_COMMISSION_DRIVER_DETAIL_YTD.sql,FOND_ETL5_PRUAMAN_SHARIA_DRIVER_DETAIL
FOND_ID.USP_LOAD_ETL5_PERSISTENCY_COMMISSION_DRIVER_DETAIL_YTD.sql,FOND_ETL5_PAYLIFE_DRIVER_DETAIL
FOND_ID.USP_LOAD_ETL5_PERSISTENCY_COMMISSION_DRIVER_DETAIL_YTD.sql,FOND_ETL5_CREDITSHIELD_DRIVER_DETAIL
FOND_ID.USP_LOAD_ETL5_PERSISTENCY_COMMISSION_DRIVER_DETAIL_YTD.sql,FOND_ETL5_PERSISTENCY_COMMISSION_DRIVER_DETAIL
FOND_ID.USP_LOAD_ETL5_PERSISTENCY_COMMISSION_DRIVER_DETAIL_YTD.sql,FOND_IFRS17_ETL5_PROC_LOG
FOND_ID.USP_LOAD_ETL5_LIFEASIA_DRIVER_DETAIL_PRODUCTION_PERSISTENCY.sql,USP_LOAD_ETL5_LIFEASIA_DRIVER_DETAIL_PRODUCTION_PERSISTENCY
FOND_ID.USP_LOAD_ETL5_LIFEASIA_DRIVER_DETAIL_PRODUCTION_PERSISTENCY.sql,FOND_ETL5_LIFEASIA_DRIVER_DETAIL_PRODUCTION_PERSISTENCY
FOND_ID.USP_LOAD_ETL5_LIFEASIA_DRIVER_DETAIL_PRODUCTION_PERSISTENCY.sql,USP_GetRunIdReturn
FOND_ID.USP_LOAD_ETL5_LIFEASIA_DRIVER_DETAIL_PRODUCTION_PERSISTENCY.sql,FOND_LIFEASIA_ETL4_LIFEASIA
FOND_ID.USP_LOAD_ETL5_LIFEASIA_DRIVER_DETAIL_PRODUCTION_PERSISTENCY.sql,FOND_IFRS17_PROC_LOG
FOND_ID.USP_LOAD_ETL5_LIFEASIA_DRIVER_DETAIL_PRODUCTION_PERSISTENCY.sql,STAG_LIFEASIA_ZBNCPF
FOND_ID.USP_LOAD_ETL5_LIFEASIA_DRIVER_DETAIL_PRODUCTION_PERSISTENCY.sql,STAG_LIFEASIA_CHDRPF
FOND_ID.USP_LOAD_ETL5_LIFEASIA_DRIVER_DETAIL_PRODUCTION_PERSISTENCY.sql,STAG_LIFEASIA_HPADPF
FOND_ID.USP_LOAD_ETL5_LIFEASIA_DRIVER_DETAIL_PRODUCTION_PERSISTENCY.sql,STAG_LIFEASIA_COVRPF
FOND_ID.USP_LOAD_ETL5_LIFEASIA_DRIVER_DETAIL_PRODUCTION_PERSISTENCY.sql,STAG_LIFEASIA_COVTPF
FOND_ID.USP_LOAD_ETL5_LIFEASIA_DRIVER_DETAIL_PRODUCTION_PERSISTENCY.sql,FOND_ETL5_LIFEASIA_MASTER_T0
FOND_ID.USP_LOAD_ETL5_LIFEASIA_DRIVER_DETAIL_PRODUCTION_PERSISTENCY.sql,FOND_IFRS17_ETL5_PROC_LOG
FOND_ID.USP_FOND_ETL5_SUNGL_EXTRACT_BIN_PARTIAL_AUTOMATION_EXCLUSION_CONFIG_GENERATION.sql,USP_FOND_ETL5_SUNGL_EXTRACT_BIN_PARTIAL_AUTOMATION_EXCLUSION_CONFIG_GENERATION
FOND_ID.USP_FOND_ETL5_SUNGL_EXTRACT_BIN_PARTIAL_AUTOMATION_EXCLUSION_CONFIG_GENERATION.sql,USP_GetRunIdReturn
FOND_ID.USP_FOND_ETL5_SUNGL_EXTRACT_BIN_PARTIAL_AUTOMATION_EXCLUSION_CONFIG_GENERATION.sql,FOND_PLAI_FOND_ETL5_SUNGL_EXCLUDED_EXCLUSION
FOND_ID.USP_FOND_ETL5_SUNGL_EXTRACT_BIN_PARTIAL_AUTOMATION_EXCLUSION_CONFIG_GENERATION.sql,FOND_ETL5_SUNGL_EXTRACT
FOND_ID.USP_FOND_ETL5_SUNGL_EXTRACT_BIN_PARTIAL_AUTOMATION_EXCLUSION_CONFIG_GENERATION.sql,FOND_EXCLUSION_CONFIG_GENERATED
FOND_ID.USP_FOND_ETL5_SUNGL_EXTRACT_BIN_PARTIAL_AUTOMATION_EXCLUSION_CONFIG_GENERATION.sql,STAG_IFRS17_PROC_LOG
FOND_ID.USP_FOND_ETL5_SUNGL_EXTRACT_BIN_PARTIAL_AUTOMATION_EXCLUSION_CONFIG_GENERATION.sql,FOND_EXCLUSION_CONFIG_GENERATED_STEP1
FOND_ID.USP_FOND_ETL5_SUNGL_EXTRACT_BIN_PARTIAL_AUTOMATION_EXCLUSION_CONFIG_GENERATION.sql,FOND_EXCLUSION_CONFIG_GENERATED_STEP2
FOND_ID.USP_FOND_ETL5_SUNGL_EXTRACT_BIN_PARTIAL_AUTOMATION_EXCLUSION_CONFIG_GENERATION.sql,FOND_EXCLUSION_CONFIG_GENERATED_STEP3
FOND_ID.USP_FOND_ETL5_SUNGL_EXTRACT_BIN_PARTIAL_AUTOMATION_EXCLUSION_CONFIG_GENERATION.sql,FOND_EXCLUSION_CONFIG_GENERATED_STEP4
FOND_ID.USP_FOND_ETL5_SUNGL_EXTRACT_BIN_PARTIAL_AUTOMATION_EXCLUSION_CONFIG_GENERATION.sql,FOND_EXCLUSION_CONFIG_GENERATED_STEP5
FOND_ID.USP_FOND_ETL5_SUNGL_EXTRACT_BIN_PARTIAL_AUTOMATION_EXCLUSION_CONFIG_GENERATION.sql,FOND_EXCLUSION_CONFIG_GENERATED_STEP6
FOND_ID.USP_FOND_ETL5_SUNGL_EXTRACT_BIN_PARTIAL_AUTOMATION_EXCLUSION_CONFIG_GENERATION.sql,FOND_EXCLUSION_CONFIG_GENERATED_STEP7
FOND_ID.USP_FOND_ETL5_SUNGL_EXTRACT_BIN_PARTIAL_AUTOMATION_EXCLUSION_CONFIG_GENERATION.sql,FOND_EXCLUSION_CONFIG_GENERATED_STEP8
FOND_ID.USP_FOND_ETL5_SUNGL_EXTRACT_BIN_PARTIAL_AUTOMATION_EXCLUSION_CONFIG_GENERATION.sql,FOND_EXCLUSION_CONFIG_GENERATED_STEP9
FOND_ID.USP_FOND_ETL5_SUNGL_EXTRACT_BIN_PARTIAL_AUTOMATION_EXCLUSION_CONFIG_GENERATION.sql,FOND_EXCLUSION_CONFIG_GENERATED_STEP10
FOND_ID.USP_FOND_ETL5_SUNGL_EXTRACT_BIN_PARTIAL_AUTOMATION_EXCLUSION_CONFIG_GENERATION.sql,FOND_EXCLUSION_CONFIG_GENERATED_STEP11
FOND_ID.USP_FOND_ETL5_SUNGL_EXTRACT_BIN_PARTIAL_AUTOMATION_EXCLUSION_CONFIG_GENERATION.sql,FOND_EXCLUSION_CONFIG_GENERATED_STEP12
FOND_ID.USP_FOND_ETL5_SUNGL_EXTRACT_BIN_PARTIAL_AUTOMATION_EXCLUSION_CONFIG_GENERATION.sql,FOND_EXCLUSION_CONFIG_GENERATED_STEP13
FOND_ID.USP_FOND_ETL5_SUNGL_EXTRACT_BIN_PARTIAL_AUTOMATION_EXCLUSION_CONFIG_GENERATION.sql,FOND_EXCLUSION_CONFIG_GENERATED_STEP14
FOND_ID.USP_FOND_ETL5_SUNGL_EXTRACT_BIN_PARTIAL_AUTOMATION_EXCLUSION_CONFIG_GENERATION.sql,FOND_EXCLUSION_CONFIG_GENERATED_STEP15
FOND_ID.USP_FOND_ETL5_SUNGL_EXTRACT_BIN_PARTIAL_AUTOMATION_EXCLUSION_CONFIG_GENERATION.sql,STAG_CONFIG_ETL5_SUNGL_PARTIAL_AUTOMATION
FOND_ID.USP_FOND_ETL5_SUNGL_EXTRACT_BIN_PARTIAL_AUTOMATION_EXCLUSION_CONFIG_GENERATION.sql,"FOND_EXCLUSION_CONFIG_GENERATED_STEP3,"
FOND_ID.USP_LOAD_ETL5_RHO_CREDIT_RISK_REPORT.sql,USP_LOAD_ETL5_RHO_CREDIT_RISK_REPORT
FOND_ID.USP_LOAD_ETL5_RHO_CREDIT_RISK_REPORT.sql,USP_GetRunIdReturn
FOND_ID.USP_LOAD_ETL5_RHO_CREDIT_RISK_REPORT.sql,FOND_IFRS17_PROC_LOG
FOND_ID.USP_LOAD_ETL5_RHO_CREDIT_RISK_REPORT.sql,STAG_VALIDATION_CREDIT_RISK_SAS_RI
FOND_ID.USP_LOAD_ETL5_RHO_CREDIT_RISK_REPORT.sql,STAG_CONFIG_CREDIT_RISK_RCG_ID
FOND_ID.USP_LOAD_ETL5_RHO_CREDIT_RISK_REPORT.sql,STAG_CONFIG_CREDIT_RISK_REINSURANCE_PRODUCT_LIST
FOND_ID.USP_LOAD_ETL5_RHO_CREDIT_RISK_REPORT.sql,FOND_ETL5_RHO_CREDIT_RISK_RPT_DETAIL
FOND_ID.USP_LOAD_ETL5_RHO_CREDIT_RISK_REPORT.sql,FOND_ETL5_RHO_CREDIT_RISK_RPT_SUMMARY
FOND_ID.USP_LOAD_ETL5_PRUEMAS_FYP_DRIVER_DETAIL.sql,USP_LOAD_ETL5_PRUEMAS_FYP_DRIVER_DETAIL
FOND_ID.USP_LOAD_ETL5_PRUEMAS_FYP_DRIVER_DETAIL.sql,FOND_ETL5_PRUEMAS_FYP_DRIVER_DETAIL
FOND_ID.USP_LOAD_ETL5_PRUEMAS_FYP_DRIVER_DETAIL.sql,FOND_IFRS17_PROC_LOG
FOND_ID.USP_LOAD_ETL5_PRUEMAS_FYP_DRIVER_DETAIL.sql,STAG_PRUEMAS_STAG_ETL4_PREMIUM
FOND_ID.USP_LOAD_ETL5_PAYABLE_ASSESSMENT_FINAL.sql,USP_LOAD_ETL5_PAYABLE_ASSESSMENT_FINAL
FOND_ID.USP_LOAD_ETL5_PAYABLE_ASSESSMENT_FINAL.sql,USP_GetRunIdReturn
FOND_ID.USP_LOAD_ETL5_PAYABLE_ASSESSMENT_FINAL.sql,FOND_IFRS17_PROC_LOG
FOND_ID.USP_LOAD_ETL5_PAYABLE_ASSESSMENT_FINAL.sql,STAG_SUNGL_ABSTR_IFRS4_SUNGL
FOND_ID.USP_LOAD_ETL5_PAYABLE_ASSESSMENT_FINAL.sql,STAG_CONFIG_ETL5_PAYABLE_ASSESSMENT_EXCLUSION_HIST
FOND_ID.USP_LOAD_ETL5_PAYABLE_ASSESSMENT_FINAL.sql,FOND_ETL5_CONFIG_PAYABLE_ASSESSMENT_PRE
FOND_ID.USP_LOAD_ETL5_PAYABLE_ASSESSMENT_FINAL.sql,FOND_ETL5_CONFIG_PAYABLE_ASSESSMENT_FINAL
FOND_ID.USP_LOAD_ETL5_LIFEASIA_DRIVER_DETAIL_PER_ACCOUNT_VALUE.sql,USP_LOAD_ETL5_LIFEASIA_DRIVER_DETAIL_PER_ACCOUNT_VALUE
FOND_ID.USP_LOAD_ETL5_LIFEASIA_DRIVER_DETAIL_PER_ACCOUNT_VALUE.sql,USP_GetRunIdReturn
FOND_ID.USP_LOAD_ETL5_LIFEASIA_DRIVER_DETAIL_PER_ACCOUNT_VALUE.sql,FOND_LIFEASIA_ETL4_LIFEASIA
FOND_ID.USP_LOAD_ETL5_LIFEASIA_DRIVER_DETAIL_PER_ACCOUNT_VALUE.sql,FOND_IFRS17_PROC_LOG
FOND_ID.USP_LOAD_ETL5_LIFEASIA_DRIVER_DETAIL_PER_ACCOUNT_VALUE.sql,STAG_LIFEASIA_CHDRPF
FOND_ID.USP_LOAD_ETL5_LIFEASIA_DRIVER_DETAIL_PER_ACCOUNT_VALUE.sql,STAG_LIFEASIA_HPADPF
FOND_ID.USP_LOAD_ETL5_LIFEASIA_DRIVER_DETAIL_PER_ACCOUNT_VALUE.sql,FOND_ETL2_UNDERLYING_ITEM_BALANCE_INVALID
FOND_ID.USP_LOAD_ETL5_LIFEASIA_DRIVER_DETAIL_PER_ACCOUNT_VALUE.sql,FOND_ETL2_UNDERLYING_ITEM_BALANCE
FOND_ID.USP_LOAD_ETL5_LIFEASIA_DRIVER_DETAIL_PER_ACCOUNT_VALUE.sql,STAG_LIFEASIA_COVRPF
FOND_ID.USP_LOAD_ETL5_LIFEASIA_DRIVER_DETAIL_PER_ACCOUNT_VALUE.sql,STAG_LIFEASIA_COVTPF
FOND_ID.USP_LOAD_ETL5_LIFEASIA_DRIVER_DETAIL_PER_ACCOUNT_VALUE.sql,FOND_ETL5_LIFEASIA_MASTER_T0
FOND_ID.USP_LOAD_ETL5_LIFEASIA_DRIVER_DETAIL_PER_ACCOUNT_VALUE.sql,FOND_ETL5_LIFEASIA_DRIVER_DETAIL_PER_ACCOUNT_VALUE
FOND_ID.USP_LOAD_ETL5_LIFEASIA_DRIVER_DETAIL_PER_ACCOUNT_VALUE.sql,FOND_IFRS17_ETL5_PROC_LOG
FOND_ID.USP_LOAD_ETL5_LIFEASIA_DRIVER_DETAIL_PER_ACCOUNT_VALUE.sql,"FOND_ETL5_LIFEASIA_DRIVER_DETAIL_PER_ACCOUNT_VALUE,@drivername,@V_TOTAL_ROWS,MTD,@V_PERIOD"
FOND_ID.USP_LOAD_ETL5_PRE_COVERAGE_RUNOFF.sql,USP_LOAD_ETL5_PRE_COVERAGE_RUNOFF
FOND_ID.USP_LOAD_ETL5_PRE_COVERAGE_RUNOFF.sql,USP_GetRunIdReturn
FOND_ID.USP_LOAD_ETL5_PRE_COVERAGE_RUNOFF.sql,FOND_IFRS17_PROC_LOG
FOND_ID.USP_LOAD_ETL5_PRE_COVERAGE_RUNOFF.sql,STAG_CONFIG_STAG_PRE_COVERAGE_ETL5_COMPENSATION_SCHEME_CONFIG
FOND_ID.USP_LOAD_ETL5_PRE_COVERAGE_RUNOFF.sql,FOND_ETL5_PRE_COVERAGE_RUNOFF
FOND_ID.USP_LOAD_ETL5_PRE_COVERAGE_RUNOFF.sql,FOND_ETL5_PRE_COVERAGE
FOND_ID.USP_LOAD_ETL5_PRE_COVERAGE_RUNOFF.sql,FOND_IFRS17_ETL5_PROC_LOG
FOND_ID.USP_LOAD_ETL5_SUNGL_EXTRACT_SPLITTING.sql,USP_LOAD_ETL5_SUNGL_EXTRACT_SPLITTING
FOND_ID.USP_LOAD_ETL5_SUNGL_EXTRACT_SPLITTING.sql,FOND_ETL5_SUNGL_EXTRACT
FOND_ID.USP_LOAD_ETL5_SUNGL_EXTRACT_SPLITTING.sql,USP_GetRunIdReturn
FOND_ID.USP_LOAD_ETL5_SUNGL_EXTRACT_SPLITTING.sql,FOND_IFRS17_PROC_LOG
FOND_ID.USP_LOAD_ETL5_SUNGL_EXTRACT_SPLITTING.sql,FOND_ETL5_IFRS4_SUNGL
FOND_ID.USP_LOAD_ETL5_SUNGL_EXTRACT_SPLITTING.sql,FOND_ETL5_EXCLUSION_CONFIG
FOND_ID.USP_LOAD_ETL5_SUNGL_EXTRACT_SPLITTING.sql,FOND_ETL5_BIN_ACCOUNT_CONFIG
FOND_ID.USP_LOAD_ETL5_SUNGL_EXTRACT_SPLITTING.sql,FOND_IFRS17_ETL5_PROC_LOG
FOND_ID.USP_LOAD_ETL5_NO_OF_STAFF_MAIN.sql,USP_LOAD_ETL5_NO_OF_STAFF_MAIN
FOND_ID.USP_LOAD_ETL5_NO_OF_STAFF_MAIN.sql,FOND_ETL5_NO_STAF_DRIVER_DETAIL
FOND_ID.USP_LOAD_ETL5_NO_OF_STAFF_MAIN.sql,FOND_IFRS17_PROC_LOG
FOND_ID.USP_LOAD_ETL5_NO_OF_STAFF_MAIN.sql,USP_LOAD_ETL5_NO_OF_STAFF_STEP1
FOND_ID.USP_LOAD_ETL5_NO_OF_STAFF_MAIN.sql,USP_LOAD_ETL5_NO_OF_STAFF_STEP2
FOND_ID.USP_LOAD_ETL5_NO_OF_STAFF_MAIN.sql,USP_LOAD_ETL5_NO_OF_STAFF_STEP3
FOND_ID.USP_FOND_ETL5_SUNGL_EXTRACT_BIN_PARTIAL_AUTOMATION_BIN_CONFIG_GENERATION.sql,USP_FOND_ETL5_SUNGL_EXTRACT_BIN_PARTIAL_AUTOMATION_BIN_CONFIG_GENERATION
FOND_ID.USP_FOND_ETL5_SUNGL_EXTRACT_BIN_PARTIAL_AUTOMATION_BIN_CONFIG_GENERATION.sql,USP_GetRunIdReturn
FOND_ID.USP_FOND_ETL5_SUNGL_EXTRACT_BIN_PARTIAL_AUTOMATION_BIN_CONFIG_GENERATION.sql,FOND_ETL5_SUNGL_EXTRACT_BIN
FOND_ID.USP_FOND_ETL5_SUNGL_EXTRACT_BIN_PARTIAL_AUTOMATION_BIN_CONFIG_GENERATION.sql,FOND_ETL5_SUNGL_EXTRACT
FOND_ID.USP_FOND_ETL5_SUNGL_EXTRACT_BIN_PARTIAL_AUTOMATION_BIN_CONFIG_GENERATION.sql,FOND_BIN_ACCT_EXCLUSION_CONFIG_GENERATED
FOND_ID.USP_FOND_ETL5_SUNGL_EXTRACT_BIN_PARTIAL_AUTOMATION_BIN_CONFIG_GENERATION.sql,STAG_IFRS17_PROC_LOG
FOND_ID.USP_FOND_ETL5_SUNGL_EXTRACT_BIN_PARTIAL_AUTOMATION_BIN_CONFIG_GENERATION.sql,FOND_BIN_ACCT_EXCLUSION_CONFIG_GENERATED_STEP1
FOND_ID.USP_FOND_ETL5_SUNGL_EXTRACT_BIN_PARTIAL_AUTOMATION_BIN_CONFIG_GENERATION.sql,FOND_BIN_ACCT_EXCLUSION_CONFIG_GENERATED_STEP2
FOND_ID.USP_FOND_ETL5_SUNGL_EXTRACT_BIN_PARTIAL_AUTOMATION_BIN_CONFIG_GENERATION.sql,FOND_BIN_ACCT_EXCLUSION_CONFIG_GENERATED_STEP3
FOND_ID.USP_FOND_ETL5_SUNGL_EXTRACT_BIN_PARTIAL_AUTOMATION_BIN_CONFIG_GENERATION.sql,FOND_BIN_ACCT_EXCLUSION_CONFIG_GENERATED_STEP4
FOND_ID.USP_FOND_ETL5_SUNGL_EXTRACT_BIN_PARTIAL_AUTOMATION_BIN_CONFIG_GENERATION.sql,FOND_BIN_ACCT_EXCLUSION_CONFIG_GENERATED_STEP5
FOND_ID.USP_FOND_ETL5_SUNGL_EXTRACT_BIN_PARTIAL_AUTOMATION_BIN_CONFIG_GENERATION.sql,FOND_BIN_ACCT_EXCLUSION_CONFIG_GENERATED_STEP6
FOND_ID.USP_FOND_ETL5_SUNGL_EXTRACT_BIN_PARTIAL_AUTOMATION_BIN_CONFIG_GENERATION.sql,FOND_BIN_ACCT_EXCLUSION_CONFIG_GENERATED_STEP7
FOND_ID.USP_FOND_ETL5_SUNGL_EXTRACT_BIN_PARTIAL_AUTOMATION_BIN_CONFIG_GENERATION.sql,FOND_BIN_ACCT_EXCLUSION_CONFIG_GENERATED_STEP8
FOND_ID.USP_FOND_ETL5_SUNGL_EXTRACT_BIN_PARTIAL_AUTOMATION_BIN_CONFIG_GENERATION.sql,FOND_BIN_ACCT_EXCLUSION_CONFIG_GENERATED_STEP9
FOND_ID.USP_FOND_ETL5_SUNGL_EXTRACT_BIN_PARTIAL_AUTOMATION_BIN_CONFIG_GENERATION.sql,FOND_BIN_ACCT_EXCLUSION_CONFIG_GENERATED_STEP10
FOND_ID.USP_FOND_ETL5_SUNGL_EXTRACT_BIN_PARTIAL_AUTOMATION_BIN_CONFIG_GENERATION.sql,FOND_BIN_ACCT_EXCLUSION_CONFIG_GENERATED_STEP11
FOND_ID.USP_FOND_ETL5_SUNGL_EXTRACT_BIN_PARTIAL_AUTOMATION_BIN_CONFIG_GENERATION.sql,FOND_BIN_ACCT_EXCLUSION_CONFIG_GENERATED_STEP12
FOND_ID.USP_FOND_ETL5_SUNGL_EXTRACT_BIN_PARTIAL_AUTOMATION_BIN_CONFIG_GENERATION.sql,FOND_BIN_ACCT_EXCLUSION_CONFIG_GENERATED_STEP13
FOND_ID.USP_FOND_ETL5_SUNGL_EXTRACT_BIN_PARTIAL_AUTOMATION_BIN_CONFIG_GENERATION.sql,FOND_BIN_ACCT_EXCLUSION_CONFIG_GENERATED_STEP14
FOND_ID.USP_FOND_ETL5_SUNGL_EXTRACT_BIN_PARTIAL_AUTOMATION_BIN_CONFIG_GENERATION.sql,FOND_BIN_ACCT_EXCLUSION_CONFIG_GENERATED_STEP15
FOND_ID.USP_FOND_ETL5_SUNGL_EXTRACT_BIN_PARTIAL_AUTOMATION_BIN_CONFIG_GENERATION.sql,STAG_CONFIG_ETL5_SUNGL_PARTIAL_AUTOMATION
FOND_ID.USP_FOND_ETL5_SUNGL_EXTRACT_BIN_PARTIAL_AUTOMATION_BIN_CONFIG_GENERATION.sql,"FOND_BIN_ACCT_EXCLUSION_CONFIG_GENERATED_STEP3,"
FOND_ID.USP_LOAD_ETL5_IAI_CAT_PORT_CONFIG_SPLITTING.sql,USP_LOAD_ETL5_IAI_CAT_PORT_CONFIG_SPLITTING
FOND_ID.USP_LOAD_ETL5_IAI_CAT_PORT_CONFIG_SPLITTING.sql,FOND_ETL5_IAI_CAT_PORT_CONFIG_SPLITTING
FOND_ID.USP_LOAD_ETL5_IAI_CAT_PORT_CONFIG_SPLITTING.sql,USP_GetRunIdReturn
FOND_ID.USP_LOAD_ETL5_IAI_CAT_PORT_CONFIG_SPLITTING.sql,FOND_IFRS17_PROC_LOG
FOND_ID.USP_LOAD_ETL5_IAI_CAT_PORT_CONFIG_SPLITTING.sql,STAG_LIFEASIA_GA_ALLOWANCE
FOND_ID.USP_LOAD_ETL5_IAI_CAT_PORT_CONFIG_SPLITTING.sql,STAG_CONFIG_STAG_PRE_COVERAGE_ETL5_GA_CONFIG
FOND_ID.USP_LOAD_ETL5_IAI_CAT_PORT_CONFIG_SPLITTING.sql,STAG_LIFEASIA_HPADPF
FOND_ID.USP_LOAD_ETL5_IAI_CAT_PORT_CONFIG_SPLITTING.sql,FOND_IFRS17_ICG_STORES
FOND_ID.USP_LOAD_ETL5_IAI_CAT_PORT_CONFIG_SPLITTING.sql,FOND_IFRS17_BENEFIT_INSURANCE_CONTRACT_GROUP_MASTER
FOND_ID.USP_LOAD_ETL5_IAI_CAT_PORT_CONFIG_SPLITTING.sql,FOND_ETL5_IAI_CAT_PORT_CONFIG
FOND_ID.USP_LOAD_ETL5_IAI_CAT_PORT_CONFIG_SPLITTING.sql,FOND_ETL5_PRE_COVERAGE
FOND_ID.USP_LOAD_ETL5_IAI_CAT_PORT_CONFIG_SPLITTING.sql,FOND_ETL5_PRE_COVERAGE_RUNOFF
FOND_ID.USP_LOAD_ETL5_IAI_CAT_PORT_CONFIG_SPLITTING.sql,FOND_IFRS17_ETL5_PROC_LOG
FOND_ID.USP_LOAD_ETL5_NEW_ENTRIES_SPLITTING.sql,USP_LOAD_ETL5_NEW_ENTRIES_SPLITTING
FOND_ID.USP_LOAD_ETL5_NEW_ENTRIES_SPLITTING.sql,FOND_IFRS17_PROC_LOG
FOND_ID.USP_LOAD_ETL5_NEW_ENTRIES_SPLITTING.sql,STAG_SUNGL_ABSTR_IFRS4_SUNGL
FOND_ID.USP_LOAD_ETL5_NEW_ENTRIES_SPLITTING.sql,STAG_SUNGL_ABSTR_IFRS4_SUNGL_NEW_ENTRIES
FOND_ID.USP_LOAD_ETL5_NEW_ENTRIES_SPLITTING.sql,STAG_CONFIG_ETL5_SPIN_OFF
FOND_ID.USP_LOAD_ETL5_NEW_ENTRIES_SPLITTING.sql,FOND_IFRS17_ETL5_PROC_LOG
FOND_ID.USP_LOAD_ETL5_IFRS4_SUNGL_FMC_BALANCING_SPLITTING.sql,USP_LOAD_ETL5_IFRS4_SUNGL_FMC_BALANCING_SPLITTING
FOND_ID.USP_LOAD_ETL5_IFRS4_SUNGL_FMC_BALANCING_SPLITTING.sql,USP_GetRunIdReturn
FOND_ID.USP_LOAD_ETL5_IFRS4_SUNGL_FMC_BALANCING_SPLITTING.sql,FOND_IFRS17_PROC_LOG
FOND_ID.USP_LOAD_ETL5_IFRS4_SUNGL_FMC_BALANCING_SPLITTING.sql,FOND_ETL5_SUNGL_EXTRACT_BIN
FOND_ID.USP_LOAD_ETL5_IFRS4_SUNGL_FMC_BALANCING_SPLITTING.sql,FOND_ETL5_SUNGL_EXTRACT
FOND_ID.USP_LOAD_ETL5_IFRS4_SUNGL_FMC_BALANCING_SPLITTING.sql,FOND_PLAI_FOND_ETL5_SUNGL_EXCLUDED_EXCLUSION
FOND_ID.USP_LOAD_ETL5_IFRS4_SUNGL_FMC_BALANCING_SPLITTING.sql,STAG_SUNGL_ABSTR_IFRS4_SUNGL_NEW_ENTRIES
FOND_ID.USP_LOAD_ETL5_IFRS4_SUNGL_FMC_BALANCING_SPLITTING.sql,USP_LOAD_ETL5_IFRS4_SUNGL_SPLITTING
FOND_ID.USP_LOAD_ETL5_IFRS4_SUNGL_FMC_BALANCING_SPLITTING.sql,USP_LOAD_ETL5_SUNGL_EXTRACT_SPLITTING
FOND_ID.USP_LOAD_ETL5_IFRS4_SUNGL_FMC_BALANCING_SPLITTING.sql,USP_LOAD_ETL5_SUNGL_EXTRACT_BINEXCLUSION_SEPARATION_SPLITTING
FOND_ID.USP_LOAD_ETL5_IFRS4_SUNGL_FMC_BALANCING_SPLITTING.sql,FOND_IFRS17_ETL5_PROC_LOG
FOND_ID.USP_LOAD_ETL5_IFRS4_SUNGL_FMC_BALANCING_SPLITTING.sql,"STAG_SUNGL_ABSTR_IFRS4_SUNGL_NEW_ENTRIES,@drivername,@V_TOTAL_ROWS,MTD,@V_PERIOD"
FOND_ID.USP_LOAD_ETL5_NO_OF_STAFF_STEP1.sql,USP_LOAD_ETL5_NO_OF_STAFF_STEP1
FOND_ID.USP_LOAD_ETL5_NO_OF_STAFF_STEP1.sql,STAG_LIFEASIA_ZPRUPF_V2
FOND_ID.USP_LOAD_ETL5_NO_OF_STAFF_STEP1.sql,STAG_LIFEASIA_AC1108RDB
FOND_ID.USP_LOAD_ETL5_NO_OF_STAFF_STEP1.sql,STAG_LIFEASIA_IPSUPF
FOND_ID.USP_LOAD_ETL5_NO_OF_STAFF_STEP1.sql,STAG_LIFEASIA_IPRVPF
FOND_ID.USP_LOAD_ETL5_NO_OF_STAFF_STEP1.sql,STAG_LIFEASIA_HPADPF
FOND_ID.USP_LOAD_ETL5_NO_OF_STAFF_STEP1.sql,STAG_LIFEASIA_COVRPF
FOND_ID.USP_LOAD_ETL5_NO_OF_STAFF_STEP1.sql,STAG_LIFEASIA_COVTPF
FOND_ID.USP_LOAD_ETL5_NO_OF_STAFF_STEP1.sql,STAG_LIFEASIA_DESCPF
FOND_ID.USP_LOAD_ETL5_NO_OF_STAFF_STEP1.sql,STAG_LIFEASIA_CHDRPF
FOND_ID.USP_LOAD_ETL5_NO_OF_STAFF_STEP1.sql,STAG_LIFEASIA_AGNTPF
FOND_ID.USP_LOAD_ETL5_NO_OF_STAFF_STEP1.sql,STAG_MANUAL_MP_CHANNEL
FOND_ID.USP_LOAD_ETL5_NO_OF_STAFF_STEP1.sql,STAG_LIFEASIA_AGLFPF
FOND_ID.USP_LOAD_ETL5_NO_OF_STAFF_STEP1.sql,STAG_LIFEASIA_FV_SHARIA_POLICY
FOND_ID.USP_LOAD_ETL5_NO_OF_STAFF_STEP1.sql,STAG_LIFEASIA_ETL5_LIFEASIA_MASTER_T0
FOND_ID.USP_LOAD_ETL5_NO_OF_STAFF_STEP1.sql,STAG_PLAI_ALLOCATION_MAPPING_DQ_DDLREF_EXTTB
FOND_ID.USP_LOAD_ETL5_NO_OF_STAFF_STEP1.sql,STAG_SUNGL_ABSTR_IFRS4_SUNGL
FOND_ID.USP_LOAD_ETL5_NO_OF_STAFF_STEP1.sql,STAG_MANUAL_ETL5_DEPARTMENT_OF_STAFF
FOND_ID.USP_LOAD_ETL5_NO_OF_STAFF_STEP1.sql,STAG_MANUAL_ETL5_REFERENCE_DEPARTMENT
FOND_ID.USP_LOAD_ETL5_NO_OF_STAFF_STEP1.sql,FOND_ETL5_tTEMP_LIFEASIA_DRIVER_DETAIL_NO_STAFF_PRODUCT_DEPARTMENT
FOND_ID.USP_LOAD_ETL5_NO_OF_STAFF_STEP1.sql,FOND_IFRS17_ETL5_PROC_LOG
FOND_ID.USP_LOAD_ETL5_NO_OF_STAFF_STEP1.sql,FOND_ETL5_tTEMP_LIFEASIA_DRIVER_DETAIL_NO_STAFF_PRODUCT
FOND_ID.USP_LOAD_ETL5_AGENT_APE_DRIVER_DETAIL_YTD.sql,USP_LOAD_ETL5_AGENT_APE_DRIVER_DETAIL_YTD
FOND_ID.USP_LOAD_ETL5_AGENT_APE_DRIVER_DETAIL_YTD.sql,FOND_ETL5_MIX_AGENT_APE_DRIVER_DETAIL
FOND_ID.USP_LOAD_ETL5_AGENT_APE_DRIVER_DETAIL_YTD.sql,FOND_IFRS17_PROC_LOG
FOND_ID.USP_LOAD_ETL5_AGENT_APE_DRIVER_DETAIL_YTD.sql,STAG_CONFIG_MIX_DRIVER_DETAIL
FOND_ID.USP_LOAD_ETL5_AGENT_APE_DRIVER_DETAIL_YTD.sql,FOND_ETL5_APE_DRIVER_DETAIL
FOND_ID.USP_LOAD_ETL5_AGENT_APE_DRIVER_DETAIL_YTD.sql,FOND_ETL5_LIFEASIA_DRIVER_DETAIL_PER_SUM_ASSURED_NB_NOP_AGENT
FOND_ID.USP_LOAD_ETL5_AGENT_APE_DRIVER_DETAIL_YTD.sql,FOND_ETL5_DRIVER_RATIO_AND_ALLOCATION
FOND_ID.USP_LOAD_ETL5_AGENT_APE_DRIVER_DETAIL_YTD.sql,FOND_ETL5_DRIVER_DETAIL_TOTAL_RATIO_POLICY
FOND_ID.USP_LOAD_ETL5_AGENT_APE_DRIVER_DETAIL_YTD.sql,FOND_ETL5_DRIVER_DETAIL_TOTAL_RATIO
FOND_ID.USP_LOAD_ETL5_AGENT_APE_DRIVER_DETAIL_YTD.sql,FOND_ETL5_DRIVER_DETAIL_ALL_RATIO
FOND_ID.USP_LOAD_ETL5_AGENT_APE_DRIVER_DETAIL_YTD.sql,FOND_ETL5_DRIVER_DETAIL_MIX
FOND_ID.USP_LOAD_ETL5_NOP_DRIVER_DETAIL_YTD_SPLITTING.sql,USP_LOAD_ETL5_NOP_DRIVER_DETAIL_YTD_SPLITTING
FOND_ID.USP_LOAD_ETL5_NOP_DRIVER_DETAIL_YTD_SPLITTING.sql,FOND_ETL5_NOP_DRIVER_DETAIL_SPLITTING
FOND_ID.USP_LOAD_ETL5_NOP_DRIVER_DETAIL_YTD_SPLITTING.sql,USP_GetRunIdReturn
FOND_ID.USP_LOAD_ETL5_NOP_DRIVER_DETAIL_YTD_SPLITTING.sql,FOND_IFRS17_PROC_LOG
FOND_ID.USP_LOAD_ETL5_NOP_DRIVER_DETAIL_YTD_SPLITTING.sql,FOND_IFRS17_ICG_STORES
FOND_ID.USP_LOAD_ETL5_NOP_DRIVER_DETAIL_YTD_SPLITTING.sql,STAG_CONFIG_RENOVA_ETL1_MAPPING
FOND_ID.USP_LOAD_ETL5_NOP_DRIVER_DETAIL_YTD_SPLITTING.sql,STAG_CONFIG_IFRS17_PORTFOLIO_MAPPING
FOND_ID.USP_LOAD_ETL5_NOP_DRIVER_DETAIL_YTD_SPLITTING.sql,FOND_ETL5_LIFEASIA_DRIVER_DETAIL_PER_SUM_ASSURED_NB_NOP_AGENT
FOND_ID.USP_LOAD_ETL5_NOP_DRIVER_DETAIL_YTD_SPLITTING.sql,FOND_ETL5_PRUEMAS_DRIVER_DETAIL
FOND_ID.USP_LOAD_ETL5_NOP_DRIVER_DETAIL_YTD_SPLITTING.sql,FOND_ETL5_PRUAMAN_DRIVER_DETAIL
FOND_ID.USP_LOAD_ETL5_NOP_DRIVER_DETAIL_YTD_SPLITTING.sql,FOND_ETL5_PRUAMAN_SHARIA_DRIVER_DETAIL
FOND_ID.USP_LOAD_ETL5_NOP_DRIVER_DETAIL_YTD_SPLITTING.sql,FOND_ETL5_PAYLIFE_DRIVER_DETAIL
FOND_ID.USP_LOAD_ETL5_NOP_DRIVER_DETAIL_YTD_SPLITTING.sql,FOND_ETL5_CREDITSHIELD_DRIVER_DETAIL
FOND_ID.USP_LOAD_ETL5_NOP_DRIVER_DETAIL_YTD_SPLITTING.sql,FOND_ETL5_OMNI_DRIVER_DETAIL
FOND_ID.USP_LOAD_ETL5_NOP_DRIVER_DETAIL_YTD_SPLITTING.sql,FOND_ETL5_LIFEASIA_DRIVER_DETAIL_RENOVA
FOND_ID.USP_LOAD_ETL5_NOP_DRIVER_DETAIL_YTD_SPLITTING.sql,FOND_ETL5_NOP_PAA_DRIVER_DETAIL
FOND_ID.USP_LOAD_ETL5_NOP_DRIVER_DETAIL_YTD_SPLITTING.sql,FOND_ETL5_NOP_DRIVER_DETAIL
FOND_ID.USP_LOAD_ETL5_NOP_DRIVER_DETAIL_YTD_SPLITTING.sql,FOND_IFRS17_ETL5_PROC_LOG
FOND_ID.USP_LOAD_ETL5_EXCLUSION_CONFIG.sql,USP_LOAD_ETL5_EXCLUSION_CONFIG
FOND_ID.USP_LOAD_ETL5_EXCLUSION_CONFIG.sql,FOND_ETL5_EXCLUSION_CONFIG
FOND_ID.USP_LOAD_ETL5_EXCLUSION_CONFIG.sql,FOND_LIFEASIA_ETL4_LIFEASIA
FOND_ID.USP_LOAD_ETL5_EXCLUSION_CONFIG.sql,FOND_LIFEASIA_ETL4_LIFEASIA_INVALID
FOND_ID.USP_LOAD_ETL5_EXCLUSION_CONFIG.sql,FOND_IFRS17_PROC_LOG
FOND_ID.USP_LOAD_ETL5_EXCLUSION_CONFIG.sql,STAG_EXCLUSION_CONFIG_DQ_DDLREF_EXTTB
FOND_ID.USP_LOAD_ETL5_EXCLUSION_CONFIG.sql,FOND_IFRS17_ETL5_PROC_LOG
FOND_ID.USP_LOAD_ETL5_PRUAMAN_SHARIA_DRIVER_DETAIL.sql,USP_LOAD_ETL5_PRUAMAN_SHARIA_DRIVER_DETAIL
FOND_ID.USP_LOAD_ETL5_PRUAMAN_SHARIA_DRIVER_DETAIL.sql,USP_GetRunIdReturn
FOND_ID.USP_LOAD_ETL5_PRUAMAN_SHARIA_DRIVER_DETAIL.sql,FOND_IFRS17_PROC_LOG
FOND_ID.USP_LOAD_ETL5_PRUAMAN_SHARIA_DRIVER_DETAIL.sql,STAG_PRUSYARIAH_STAG_ETL4_POLICY
FOND_ID.USP_LOAD_ETL5_PRUAMAN_SHARIA_DRIVER_DETAIL.sql,FOND_ETL5_PRUAMAN_SHARIA_DRIVER_DETAIL
FOND_ID.USP_LOAD_ETL5_PRUAMAN_SHARIA_DRIVER_DETAIL.sql,FOND_ETL5_PRUAMAN_SHARIA_FYP_DRIVER_DETAIL
FOND_ID.USP_LOAD_ETL5_FSC_APE_DRIVER_DETAIL.sql,USP_LOAD_ETL5_FSC_APE_DRIVER_DETAIL
FOND_ID.USP_LOAD_ETL5_FSC_APE_DRIVER_DETAIL.sql,FOND_ETL5_MIX_FSC_APE_DRIVER_DETAIL
FOND_ID.USP_LOAD_ETL5_FSC_APE_DRIVER_DETAIL.sql,FOND_IFRS17_PROC_LOG
FOND_ID.USP_LOAD_ETL5_FSC_APE_DRIVER_DETAIL.sql,STAG_CONFIG_MIX_DRIVER_DETAIL
FOND_ID.USP_LOAD_ETL5_FSC_APE_DRIVER_DETAIL.sql,FOND_ETL5_APE_DRIVER_DETAIL
FOND_ID.USP_LOAD_ETL5_FSC_APE_DRIVER_DETAIL.sql,FOND_ETL5_LIFEASIA_DRIVER_DETAIL_PER_SUM_ASSURED_NB_NOP_AGENT
FOND_ID.USP_LOAD_ETL5_FSC_APE_DRIVER_DETAIL.sql,FOND_ETL5_DRIVER_RATIO_AND_ALLOCATION
FOND_ID.USP_LOAD_ETL5_FSC_APE_DRIVER_DETAIL.sql,FOND_ETL5_DRIVER_DETAIL_TOTAL_RATIO_POLICY
FOND_ID.USP_LOAD_ETL5_FSC_APE_DRIVER_DETAIL.sql,FOND_ETL5_DRIVER_DETAIL_TOTAL_RATIO
FOND_ID.USP_LOAD_ETL5_FSC_APE_DRIVER_DETAIL.sql,FOND_ETL5_DRIVER_DETAIL_ALL_RATIO
FOND_ID.USP_LOAD_ETL5_FSC_APE_DRIVER_DETAIL.sql,FOND_ETL5_DRIVER_DETAIL_MIX
FOND_ID.USP_LOAD_ETL5_LIFEASIA_DRIVER_DETAIL_PREMIUM_COLLECTED_RENEWAL_PREMIUM.sql,USP_LOAD_ETL5_LIFEASIA_DRIVER_DETAIL_PREMIUM_COLLECTED_RENEWAL_PREMIUM
FOND_ID.USP_LOAD_ETL5_LIFEASIA_DRIVER_DETAIL_PREMIUM_COLLECTED_RENEWAL_PREMIUM.sql,FOND_LIFEASIA_ETL4_LIFEASIA
FOND_ID.USP_LOAD_ETL5_LIFEASIA_DRIVER_DETAIL_PREMIUM_COLLECTED_RENEWAL_PREMIUM.sql,FOND_LIFEASIA_ETL4_LIFEASIA_INVALID
FOND_ID.USP_LOAD_ETL5_LIFEASIA_DRIVER_DETAIL_PREMIUM_COLLECTED_RENEWAL_PREMIUM.sql,USP_GetRunIdReturn
FOND_ID.USP_LOAD_ETL5_LIFEASIA_DRIVER_DETAIL_PREMIUM_COLLECTED_RENEWAL_PREMIUM.sql,FOND_IFRS17_PROC_LOG
FOND_ID.USP_LOAD_ETL5_LIFEASIA_DRIVER_DETAIL_PREMIUM_COLLECTED_RENEWAL_PREMIUM.sql,STAG_LIFEASIA_HPADPF
FOND_ID.USP_LOAD_ETL5_LIFEASIA_DRIVER_DETAIL_PREMIUM_COLLECTED_RENEWAL_PREMIUM.sql,STAG_LIFEASIA_CHDRPF
FOND_ID.USP_LOAD_ETL5_LIFEASIA_DRIVER_DETAIL_PREMIUM_COLLECTED_RENEWAL_PREMIUM.sql,FOND_ETL5_LIFEASIA_MASTER_T0
FOND_ID.USP_LOAD_ETL5_LIFEASIA_DRIVER_DETAIL_PREMIUM_COLLECTED_RENEWAL_PREMIUM.sql,FOND_ETL5_LIFEASIA_DRIVER_DETAIL_PREMIUM_COLLECTED_RENEWAL_PREMIUM
FOND_ID.USP_LOAD_ETL5_LIFEASIA_DRIVER_DETAIL_PREMIUM_COLLECTED_RENEWAL_PREMIUM.sql,FOND_IFRS17_ETL5_PROC_LOG
FOND_ID.USP_LOAD_ETL5_NO_OF_STAFF_STEP2.sql,USP_LOAD_ETL5_NO_OF_STAFF_STEP2
FOND_ID.USP_LOAD_ETL5_NO_OF_STAFF_STEP2.sql,FOND_ETL5_tTEMP_LIFEASIA_DRIVER_DETAIL_NO_STAFF_PRODUCT
FOND_ID.USP_LOAD_ETL5_NO_OF_STAFF_STEP2.sql,STAG_PRUAMAN_STAG_MS_POLICY
FOND_ID.USP_LOAD_ETL5_NO_OF_STAFF_STEP2.sql,STAG_PRUSYARIAH_STAG_ETL4_POLICY
FOND_ID.USP_LOAD_ETL5_NO_OF_STAFF_STEP2.sql,STAG_PAYLIFE_STAG_TBIILIFE_INSURED_FINAL
FOND_ID.USP_LOAD_ETL5_NO_OF_STAFF_STEP2.sql,STAG_CREDITSHIELD_STAG_PREMI
FOND_ID.USP_LOAD_ETL5_NO_OF_STAFF_STEP2.sql,STAG_PRUEMAS_STAG_ETL4_PREMIUM
FOND_ID.USP_LOAD_ETL5_NO_OF_STAFF_STEP2.sql,FOND_ETL5_tTEMP_LIFEASIA_DRIVER_DETAIL_NO_STAFF_PRODUCT_DEPARTMENT
FOND_ID.USP_LOAD_ETL5_NO_OF_STAFF_STEP2.sql,FOND_ETL5_tTEMP_NO_STAFF_PRODUCT_NB
FOND_ID.USP_LOAD_ETL5_NO_OF_STAFF_STEP2.sql,FOND_ETL5_tTEMP_NO_STAFF_PRODUCT_EB
FOND_ID.USP_LOAD_ETL5_NO_OF_STAFF_STEP2_TESTING.sql,USP_LOAD_ETL5_NO_OF_STAFF_STEP2_TESTING
FOND_ID.USP_LOAD_ETL5_NO_OF_STAFF_STEP2_TESTING.sql,FOND_ETL5_tTEMP_NO_STAFF_PRODUCT_NB+@batchdate
FOND_ID.USP_LOAD_ETL5_NO_OF_STAFF_STEP2_TESTING.sql,FOND_ETL5_tTEMP_NO_STAFF_PRODUCT_EB+@batchdate
FOND_ID.USP_LOAD_ETL5_IFRS4_SUNGL.sql,USP_LOAD_ETL5_IFRS4_SUNGL
FOND_ID.USP_LOAD_ETL5_IFRS4_SUNGL.sql,FOND_ETL5_IFRS4_SUNGL
FOND_ID.USP_LOAD_ETL5_IFRS4_SUNGL.sql,FOND_LIFEASIA_ETL4_LIFEASIA
FOND_ID.USP_LOAD_ETL5_IFRS4_SUNGL.sql,FOND_LIFEASIA_ETL4_LIFEASIA_INVALID
FOND_ID.USP_LOAD_ETL5_IFRS4_SUNGL.sql,USP_GetRunIdReturn
FOND_ID.USP_LOAD_ETL5_IFRS4_SUNGL.sql,FOND_IFRS17_PROC_LOG
FOND_ID.USP_LOAD_ETL5_IFRS4_SUNGL.sql,STAG_SUNGL_ABSTR_IFRS4_SUNGL_NEW_ENTRIES
FOND_ID.USP_LOAD_ETL5_IFRS4_SUNGL.sql,STAG_SUNGL_ABSTR_IFRS4_SUNGL_NEW_ENTRIES_ETL5
FOND_ID.USP_LOAD_ETL5_IFRS4_SUNGL.sql,STAG_SUNGL_ABSTR_IFRS4_SUNGL
FOND_ID.USP_LOAD_ETL5_IFRS4_SUNGL.sql,FOND_ETL5_BIN_ACCOUNT_CONFIG
FOND_ID.USP_LOAD_ETL5_IFRS4_SUNGL.sql,FOND_ETL5_SUNGL_COA_IN_USE
FOND_ID.USP_LOAD_ETL5_IFRS4_SUNGL.sql,FOND_IFRS17_ETL5_PROC_LOG
STAG_ID.USP_LOAD_ETL5_CLASSIFICATION_CONFIG_MIN2.sql,USP_LOAD_ETL5_CLASSIFICATION_CONFIG_MIN2
STAG_ID.USP_LOAD_ETL5_CLASSIFICATION_CONFIG_MIN2.sql,USP_GetRunIdReturn
STAG_ID.USP_LOAD_ETL5_CLASSIFICATION_CONFIG_MIN2.sql,FOND_IFRS17_PROC_LOG
STAG_ID.USP_LOAD_ETL5_CLASSIFICATION_CONFIG_MIN2.sql,STAG_PLAI_CLASSIFICATION_MAPPING_DQ_DDLREF
STAG_ID.USP_LOAD_ETL5_CLASSIFICATION_CONFIG_MIN2.sql,STAG_PLAI_CLASSIFICATION_MAPPING_ALL
STAG_ID.USP_LOAD_ETL5_CLASSIFICATION_CONFIG_MIN2.sql,STAG_PLAI_CLASSIFICATION_MAPPING_DQ_DDLREF_EXTTB
STAG_ID.USP_LOAD_ETL5_CLASSIFICATION_CONFIG_MIN2.sql,FOND_IFRS17_ETL5_PROC_LOG
FOND_ID.USP_LOAD_ETL5_PRUEMAS_DRIVER_DETAIL.sql,USP_LOAD_ETL5_PRUEMAS_DRIVER_DETAIL
FOND_ID.USP_LOAD_ETL5_PRUEMAS_DRIVER_DETAIL.sql,USP_GetRunIdReturn
FOND_ID.USP_LOAD_ETL5_PRUEMAS_DRIVER_DETAIL.sql,FOND_IFRS17_PROC_LOG
FOND_ID.USP_LOAD_ETL5_PRUEMAS_DRIVER_DETAIL.sql,STAG_PRUEMAS_STAG_ETL4_PREMIUM
FOND_ID.USP_LOAD_ETL5_PRUEMAS_DRIVER_DETAIL.sql,STAG_PRUEMAS_STAG_ETL1_POLICY_RELATED
FOND_ID.USP_LOAD_ETL5_PRUEMAS_DRIVER_DETAIL.sql,FOND_ETL5_PRUEMAS_DRIVER_DETAIL
FOND_ID.USP_LOAD_ETL5_PRUEMAS_DRIVER_DETAIL.sql,FOND_ETL5_PRUEMAS_FYP_DRIVER_DETAIL
FOND_ID.USP_LOAD_ETL5_IFRS4_SUNGL_FMC_BALANCING.sql,USP_LOAD_ETL5_IFRS4_SUNGL_FMC_BALANCING
FOND_ID.USP_LOAD_ETL5_IFRS4_SUNGL_FMC_BALANCING.sql,USP_GetRunIdReturn
FOND_ID.USP_LOAD_ETL5_IFRS4_SUNGL_FMC_BALANCING.sql,FOND_IFRS17_PROC_LOG
FOND_ID.USP_LOAD_ETL5_IFRS4_SUNGL_FMC_BALANCING.sql,FOND_ETL5_SUNGL_EXTRACT_BIN
FOND_ID.USP_LOAD_ETL5_IFRS4_SUNGL_FMC_BALANCING.sql,FOND_ETL5_SUNGL_EXTRACT
FOND_ID.USP_LOAD_ETL5_IFRS4_SUNGL_FMC_BALANCING.sql,FOND_PLAI_FOND_ETL5_SUNGL_EXCLUDED_EXCLUSION
FOND_ID.USP_LOAD_ETL5_IFRS4_SUNGL_FMC_BALANCING.sql,STAG_SUNGL_ABSTR_IFRS4_SUNGL_NEW_ENTRIES
FOND_ID.USP_LOAD_ETL5_IFRS4_SUNGL_FMC_BALANCING.sql,USP_LOAD_ETL5_IFRS4_SUNGL
FOND_ID.USP_LOAD_ETL5_IFRS4_SUNGL_FMC_BALANCING.sql,USP_LOAD_ETL5_SUNGL_EXTRACT
FOND_ID.USP_LOAD_ETL5_IFRS4_SUNGL_FMC_BALANCING.sql,USP_LOAD_ETL5_SUNGL_EXTRACT_BINEXCLUSION_SEPARATION
FOND_ID.USP_LOAD_ETL5_IFRS4_SUNGL_FMC_BALANCING.sql,FOND_IFRS17_ETL5_PROC_LOG
FOND_ID.USP_LOAD_ETL5_IFRS4_SUNGL_FMC_BALANCING.sql,"STAG_SUNGL_ABSTR_IFRS4_SUNGL_NEW_ENTRIES,@drivername,@V_TOTAL_ROWS,MTD,@V_PERIOD"
FOND_ID.USP_LOAD_ETL5_BIN_ACCOUNT_CONFIG.sql,USP_LOAD_ETL5_BIN_ACCOUNT_CONFIG
FOND_ID.USP_LOAD_ETL5_BIN_ACCOUNT_CONFIG.sql,FOND_ETL5_BIN_ACCOUNT_CONFIG
FOND_ID.USP_LOAD_ETL5_BIN_ACCOUNT_CONFIG.sql,FOND_LIFEASIA_ETL4_LIFEASIA
FOND_ID.USP_LOAD_ETL5_BIN_ACCOUNT_CONFIG.sql,FOND_LIFEASIA_ETL4_LIFEASIA_INVALID
FOND_ID.USP_LOAD_ETL5_BIN_ACCOUNT_CONFIG.sql,FOND_IFRS17_PROC_LOG
FOND_ID.USP_LOAD_ETL5_BIN_ACCOUNT_CONFIG.sql,STAG_BIN_ACCOUNT_CONFIG_DQ_DDLREF_EXTTB
FOND_ID.USP_LOAD_ETL5_BIN_ACCOUNT_CONFIG.sql,FOND_IFRS17_ETL5_PROC_LOG
FOND_ID.USP_LOAD_ETL5_APE_DRIVER_DETAIL_YTD.sql,USP_LOAD_ETL5_APE_DRIVER_DETAIL_YTD
FOND_ID.USP_LOAD_ETL5_APE_DRIVER_DETAIL_YTD.sql,FOND_ETL5_APE_DRIVER_DETAIL
FOND_ID.USP_LOAD_ETL5_APE_DRIVER_DETAIL_YTD.sql,FOND_IFRS17_PROC_LOG
FOND_ID.USP_LOAD_ETL5_APE_DRIVER_DETAIL_YTD.sql,FOND_ETL5_LIFEASIA_DRIVER_DETAIL_APE
FOND_ID.USP_LOAD_ETL5_APE_DRIVER_DETAIL_YTD.sql,FOND_ETL5_PRUEMAS_DRIVER_DETAIL
FOND_ID.USP_LOAD_ETL5_APE_DRIVER_DETAIL_YTD.sql,FOND_ETL5_PRUAMAN_DRIVER_DETAIL
FOND_ID.USP_LOAD_ETL5_APE_DRIVER_DETAIL_YTD.sql,FOND_ETL5_PRUAMAN_SHARIA_DRIVER_DETAIL
FOND_ID.USP_LOAD_ETL5_APE_DRIVER_DETAIL_YTD.sql,FOND_ETL5_PAYLIFE_DRIVER_DETAIL
FOND_ID.USP_LOAD_ETL5_APE_DRIVER_DETAIL_YTD.sql,FOND_ETL5_CREDITSHIELD_DRIVER_DETAIL
FOND_ID.USP_LOAD_ETL5_APE_DRIVER_DETAIL_YTD.sql,FOND_ETL5_OMNI_DRIVER_DETAIL
FOND_ID.USP_LOAD_ETL5_APE_DRIVER_DETAIL_YTD.sql,FOND_IFRS17_ETL5_PROC_LOG
FOND_ID.USP_LOAD_ETL5_PAYABLE_ASSESSMENT_PRE.sql,USP_LOAD_ETL5_PAYABLE_ASSESSMENT_PRE
FOND_ID.USP_LOAD_ETL5_PAYABLE_ASSESSMENT_PRE.sql,USP_GetRunIdReturn
FOND_ID.USP_LOAD_ETL5_PAYABLE_ASSESSMENT_PRE.sql,FOND_IFRS17_PROC_LOG
FOND_ID.USP_LOAD_ETL5_PAYABLE_ASSESSMENT_PRE.sql,STAG_CONFIG_ETL5_PAYABLE_ASSESSMENT_EXCLUSION_HIST
FOND_ID.USP_LOAD_ETL5_PAYABLE_ASSESSMENT_PRE.sql,STAG_CONFIG_ETL5_PAYABLE_ASSESSMENT_EXCLUSION
FOND_ID.USP_LOAD_ETL5_PAYABLE_ASSESSMENT_PRE.sql,STAG_SUNGL_ABSTR_IFRS4_SUNGL_DRAFT
FOND_ID.USP_LOAD_ETL5_PAYABLE_ASSESSMENT_PRE.sql,FOND_ETL5_CONFIG_PAYABLE_ASSESSMENT_FINAL
FOND_ID.USP_LOAD_ETL5_PAYABLE_ASSESSMENT_PRE.sql,FOND_ETL5_CONFIG_PAYABLE_ASSESSMENT_PRE
FOND_ID.USP_LOAD_ETL5_OMNI_DRIVER_DETAIL.sql,USP_LOAD_ETL5_OMNI_DRIVER_DETAIL
FOND_ID.USP_LOAD_ETL5_OMNI_DRIVER_DETAIL.sql,FOND_ETL5_OMNI_DRIVER_DETAIL
FOND_ID.USP_LOAD_ETL5_OMNI_DRIVER_DETAIL.sql,FOND_IFRS17_PROC_LOG
FOND_ID.USP_LOAD_ETL5_OMNI_DRIVER_DETAIL.sql,STAG_OMNI_OMNI_RECEIPT_APPLICATION
FOND_ID.USP_LOAD_ETL5_OMNI_DRIVER_DETAIL.sql,STAG_OMNI_STAG_BILLING_TRX
FOND_ID.USP_LOAD_ETL5_OMNI_DRIVER_DETAIL.sql,STAG_OMNI_OMNI_PREMIUM_LINE
FOND_ID.USP_LOAD_ETL5_OMNI_DRIVER_DETAIL.sql,STAG_OMNI_OMNI_MEMBER_PRODUCT
FOND_ID.USP_LOAD_ETL5_OMNI_DRIVER_DETAIL.sql,STAG_OMNI_STAG_POLICY_MEMBER
FOND_ID.USP_LOAD_ETL5_OMNI_DRIVER_DETAIL.sql,STAG_OMNI_STAG_MEMBER
FOND_ID.USP_LOAD_ETL5_OMNI_DRIVER_DETAIL.sql,STAG_OMNI_STAG_PRODUCT_OPTION
FOND_ID.USP_LOAD_ETL5_OMNI_DRIVER_DETAIL.sql,STAG_OMNI_STAG_PRODUCT
FOND_ID.USP_LOAD_ETL5_OMNI_DRIVER_DETAIL.sql,STAG_OMNI_STAG_BILLING_SUBMISSION
FOND_ID.USP_LOAD_ETL5_OMNI_DRIVER_DETAIL.sql,STAG_OMNI_STAG_CUSTOMER_ACCOUNT
FOND_ID.USP_LOAD_ETL5_OMNI_DRIVER_DETAIL.sql,STAG_OMNI_STAG_GROUPS
FOND_ID.USP_LOAD_ETL5_OMNI_DRIVER_DETAIL.sql,STAG_OMNI_STAG_POLICY
FOND_ID.USP_LOAD_ETL5_OMNI_DRIVER_DETAIL.sql,STAG_OMNI_OMNI_MEMBER_PRODUCT_RISK
FOND_ID.USP_LOAD_ETL5_OMNI_DRIVER_DETAIL.sql,FOND_IFRS17_ETL5_PROC_LOG
FOND_ID.USP_LOAD_ETL5_COMBINE_SUNGL_MJE_COMPLETENESS_SPLITTING.sql,USP_LOAD_ETL5_COMBINE_SUNGL_MJE_COMPLETENESS_SPLITTING
FOND_ID.USP_LOAD_ETL5_COMBINE_SUNGL_MJE_COMPLETENESS_SPLITTING.sql,USP_LOAD_ETL5_MJE
FOND_ID.USP_LOAD_ETL5_COMBINE_SUNGL_MJE_COMPLETENESS_SPLITTING.sql,USP_GetRunIdReturn
FOND_ID.USP_LOAD_ETL5_COMBINE_SUNGL_MJE_COMPLETENESS_SPLITTING.sql,USP_LOAD_ETL5_MJE_SPLITTING
FOND_ID.USP_LOAD_ETL5_COMBINE_SUNGL_MJE_COMPLETENESS_SPLITTING.sql,USP_ETL5_SUNGL_COMPLETENESS_CHECK_SPLITTING
FOND_ID.USP_LOAD_ETL5_COMBINE_SUNGL_MJE_COMPLETENESS_SPLITTING.sql,USP_LOAD_ETL5_SUNGL_ZERO_AUTOMATION_SPLITTING
FOND_ID.USP_LOAD_ETL5_RHO_EXPENSE_ANALYSIS_REPORT.sql,USP_LOAD_ETL5_RHO_EXPENSE_ANALYSIS_REPORT
FOND_ID.USP_LOAD_ETL5_RHO_EXPENSE_ANALYSIS_REPORT.sql,USP_GetRunIdReturn
FOND_ID.USP_LOAD_ETL5_RHO_EXPENSE_ANALYSIS_REPORT.sql,FOND_IFRS17_PROC_LOG
FOND_ID.USP_LOAD_ETL5_RHO_EXPENSE_ANALYSIS_REPORT.sql,FOND_ETL5_RHO_EXP_ANALYSIS_REPORT
FOND_ID.USP_LOAD_ETL5_RHO_EXPENSE_ANALYSIS_REPORT.sql,FOND_ETL5_RHO_EXP_ANALYSIS_CONTROL
FOND_ID.USP_LOAD_ETL5_RHO_EXPENSE_ANALYSIS_REPORT.sql,FOND_ETL5_RHO_EXP_ANALYSIS_COMPLETENESS
FOND_ID.USP_LOAD_ETL5_RHO_EXPENSE_ANALYSIS_REPORT.sql,STAG_CONFIG_SUNGL_MF
FOND_ID.USP_LOAD_ETL5_PER_SUM_ASSURED_DRIVER_DETAIL_YTD.sql,USP_LOAD_ETL5_PER_SUM_ASSURED_DRIVER_DETAIL_YTD
FOND_ID.USP_LOAD_ETL5_PER_SUM_ASSURED_DRIVER_DETAIL_YTD.sql,FOND_ETL5_PER_SUM_ASSURED_DRIVER_DETAIL
FOND_ID.USP_LOAD_ETL5_PER_SUM_ASSURED_DRIVER_DETAIL_YTD.sql,FOND_IFRS17_PROC_LOG
FOND_ID.USP_LOAD_ETL5_PER_SUM_ASSURED_DRIVER_DETAIL_YTD.sql,FOND_ETL5_LIFEASIA_DRIVER_DETAIL_PER_SUM_ASSURED_NB_NOP_AGENT
FOND_ID.USP_LOAD_ETL5_PER_SUM_ASSURED_DRIVER_DETAIL_YTD.sql,FOND_ETL5_PRUEMAS_DRIVER_DETAIL
FOND_ID.USP_LOAD_ETL5_PER_SUM_ASSURED_DRIVER_DETAIL_YTD.sql,FOND_ETL5_PRUAMAN_SHARIA_DRIVER_DETAIL
FOND_ID.USP_LOAD_ETL5_PER_SUM_ASSURED_DRIVER_DETAIL_YTD.sql,FOND_ETL5_PRUAMAN_DRIVER_DETAIL
FOND_ID.USP_LOAD_ETL5_PER_SUM_ASSURED_DRIVER_DETAIL_YTD.sql,FOND_ETL5_PAYLIFE_DRIVER_DETAIL
FOND_ID.USP_LOAD_ETL5_PER_SUM_ASSURED_DRIVER_DETAIL_YTD.sql,FOND_ETL5_CREDITSHIELD_DRIVER_DETAIL
FOND_ID.USP_LOAD_ETL5_PER_SUM_ASSURED_DRIVER_DETAIL_YTD.sql,FOND_IFRS17_ETL5_PROC_LOG
FOND_ID.USP_LOAD_ETL5_NOP_APE_DRIVER_DETAIL_TESTING.sql,USP_LOAD_ETL5_NOP_APE_DRIVER_DETAIL_TESTING
FOND_ID.USP_LOAD_ETL5_NOP_APE_DRIVER_DETAIL_TESTING.sql,FOND_MIX_APE_NOV_DRIVER_DETAIL
FOND_ID.USP_LOAD_ETL5_NOP_APE_DRIVER_DETAIL_TESTING.sql,FOND_IFRS17_PROC_LOG
FOND_ID.USP_LOAD_ETL5_NOP_APE_DRIVER_DETAIL_TESTING.sql,STAG_CONFIG_MIX_DRIVER_DETAIL
FOND_ID.USP_LOAD_ETL5_NOP_APE_DRIVER_DETAIL_TESTING.sql,FOND_ETL5_APE_DRIVER_DETAIL
FOND_ID.USP_LOAD_ETL5_NOP_APE_DRIVER_DETAIL_TESTING.sql,FOND_ETL5_NOP_DRIVER_DETAIL
FOND_ID.USP_LOAD_ETL5_NOP_APE_DRIVER_DETAIL_TESTING.sql,FOND_ETL5_DRIVER_RATIO_AND_ALLOCATION
FOND_ID.USP_LOAD_ETL5_NOP_APE_DRIVER_DETAIL_TESTING.sql,FOND_ETL5_DRIVER_DETAIL_TOTAL_RATIO
FOND_ID.USP_LOAD_ETL5_NOP_APE_DRIVER_DETAIL_TESTING.sql,FOND_ETL5_DRIVER_DETAIL_TOTAL_RATIO_POLICY
FOND_ID.USP_LOAD_ETL5_NOP_APE_DRIVER_DETAIL_TESTING.sql,FOND_ETL5_DRIVER_DETAIL_ALL_RATIO
FOND_ID.USP_LOAD_ETL5_NOP_APE_DRIVER_DETAIL_TESTING.sql,FOND_ETL5_DRIVER_DETAIL_MIX_TESTING
FOND_ID.USP_LOAD_ETL5_LIFEASIA_DRIVER_DETAIL_GA_ALLOWANCE.sql,USP_LOAD_ETL5_LIFEASIA_DRIVER_DETAIL_GA_ALLOWANCE
FOND_ID.USP_LOAD_ETL5_LIFEASIA_DRIVER_DETAIL_GA_ALLOWANCE.sql,FOND_ETL5_LIFEASIA_DRIVER_DETAIL_GA_ALLOWANCE
FOND_ID.USP_LOAD_ETL5_LIFEASIA_DRIVER_DETAIL_GA_ALLOWANCE.sql,USP_GetRunIdReturn
FOND_ID.USP_LOAD_ETL5_LIFEASIA_DRIVER_DETAIL_GA_ALLOWANCE.sql,FOND_IFRS17_PROC_LOG
FOND_ID.USP_LOAD_ETL5_LIFEASIA_DRIVER_DETAIL_GA_ALLOWANCE.sql,STAG_LIFEASIA_GA_ALLOWANCE
FOND_ID.USP_LOAD_ETL5_LIFEASIA_DRIVER_DETAIL_GA_ALLOWANCE.sql,STAG_LIFEASIA_CHDRPF
FOND_ID.USP_LOAD_ETL5_LIFEASIA_DRIVER_DETAIL_GA_ALLOWANCE.sql,STAG_LIFEASIA_HPADPF
FOND_ID.USP_LOAD_ETL5_LIFEASIA_DRIVER_DETAIL_GA_ALLOWANCE.sql,STAG_LIFEASIA_COVRPF
FOND_ID.USP_LOAD_ETL5_LIFEASIA_DRIVER_DETAIL_GA_ALLOWANCE.sql,STAG_LIFEASIA_COVTPF
FOND_ID.USP_LOAD_ETL5_LIFEASIA_DRIVER_DETAIL_GA_ALLOWANCE.sql,FOND_ETL5_LIFEASIA_MASTER_T0
FOND_ID.USP_LOAD_ETL5_LIFEASIA_DRIVER_DETAIL_GA_ALLOWANCE.sql,FOND_IFRS17_ETL5_PROC_LOG
FOND_ID.USP_LOAD_ETL5_NOP_DRIVER_DETAIL_YTD.sql,USP_LOAD_ETL5_NOP_DRIVER_DETAIL_YTD
FOND_ID.USP_LOAD_ETL5_NOP_DRIVER_DETAIL_YTD.sql,FOND_ETL5_NOP_DRIVER_DETAIL
FOND_ID.USP_LOAD_ETL5_NOP_DRIVER_DETAIL_YTD.sql,USP_GetRunIdReturn
FOND_ID.USP_LOAD_ETL5_NOP_DRIVER_DETAIL_YTD.sql,FOND_IFRS17_PROC_LOG
FOND_ID.USP_LOAD_ETL5_NOP_DRIVER_DETAIL_YTD.sql,FOND_ETL5_LIFEASIA_DRIVER_DETAIL_PER_SUM_ASSURED_NB_NOP_AGENT
FOND_ID.USP_LOAD_ETL5_NOP_DRIVER_DETAIL_YTD.sql,FOND_ETL5_PRUEMAS_DRIVER_DETAIL
FOND_ID.USP_LOAD_ETL5_NOP_DRIVER_DETAIL_YTD.sql,FOND_ETL5_PRUAMAN_DRIVER_DETAIL
FOND_ID.USP_LOAD_ETL5_NOP_DRIVER_DETAIL_YTD.sql,FOND_ETL5_PRUAMAN_SHARIA_DRIVER_DETAIL
FOND_ID.USP_LOAD_ETL5_NOP_DRIVER_DETAIL_YTD.sql,FOND_ETL5_PAYLIFE_DRIVER_DETAIL
FOND_ID.USP_LOAD_ETL5_NOP_DRIVER_DETAIL_YTD.sql,FOND_ETL5_CREDITSHIELD_DRIVER_DETAIL
FOND_ID.USP_LOAD_ETL5_NOP_DRIVER_DETAIL_YTD.sql,FOND_ETL5_OMNI_DRIVER_DETAIL
FOND_ID.USP_LOAD_ETL5_NOP_DRIVER_DETAIL_YTD.sql,FOND_ETL5_LIFEASIA_DRIVER_DETAIL_RENOVA
FOND_ID.USP_LOAD_ETL5_NOP_DRIVER_DETAIL_YTD.sql,FOND_ETL5_NOP_PAA_DRIVER_DETAIL
FOND_ID.USP_LOAD_ETL5_NOP_DRIVER_DETAIL_YTD.sql,STAG_CONFIG_IFRS17_PORTFOLIO_MAPPING
FOND_ID.USP_LOAD_ETL5_NOP_DRIVER_DETAIL_YTD.sql,FOND_IFRS17_ETL5_PROC_LOG
FOND_ID.USP_LOAD_ETL5_COLLECTED_PREMIUM_DRIVER_DETAIL_YTD.sql,USP_LOAD_ETL5_COLLECTED_PREMIUM_DRIVER_DETAIL_YTD
FOND_ID.USP_LOAD_ETL5_COLLECTED_PREMIUM_DRIVER_DETAIL_YTD.sql,USP_LOAD_ETL5_COLLECTED_PREMIUM_DRIVER_DETAIL
FOND_ID.USP_LOAD_ETL5_COLLECTED_PREMIUM_DRIVER_DETAIL_YTD.sql,FOND_IFRS17_PROC_LOG
FOND_ID.USP_LOAD_ETL5_COLLECTED_PREMIUM_DRIVER_DETAIL_YTD.sql,FOND_ETL5_LIFEASIA_DRIVER_DETAIL_PREMIUM_COLLECTED_RENEWAL_PREMIUM
FOND_ID.USP_LOAD_ETL5_COLLECTED_PREMIUM_DRIVER_DETAIL_YTD.sql,FOND_ETL5_PRUEMAS_DRIVER_DETAIL
FOND_ID.USP_LOAD_ETL5_COLLECTED_PREMIUM_DRIVER_DETAIL_YTD.sql,FOND_ETL5_PRUAMAN_DRIVER_DETAIL
FOND_ID.USP_LOAD_ETL5_COLLECTED_PREMIUM_DRIVER_DETAIL_YTD.sql,FOND_ETL5_PRUAMAN_SHARIA_DRIVER_DETAIL
FOND_ID.USP_LOAD_ETL5_COLLECTED_PREMIUM_DRIVER_DETAIL_YTD.sql,FOND_ETL5_PAYLIFE_DRIVER_DETAIL
FOND_ID.USP_LOAD_ETL5_COLLECTED_PREMIUM_DRIVER_DETAIL_YTD.sql,FOND_ETL5_CREDITSHIELD_DRIVER_DETAIL
FOND_ID.USP_LOAD_ETL5_COLLECTED_PREMIUM_DRIVER_DETAIL_YTD.sql,FOND_ETL5_OMNI_DRIVER_DETAIL
FOND_ID.USP_LOAD_ETL5_COLLECTED_PREMIUM_DRIVER_DETAIL_YTD.sql,FOND_ETL5_COLLECTED_PREMIUM_DRIVER_DETAIL
FOND_ID.USP_LOAD_ETL5_COLLECTED_PREMIUM_DRIVER_DETAIL_YTD.sql,FOND_IFRS17_ETL5_PROC_LOG
FOND_ID.USP_LOAD_ETL5_COMBINE_SUNGL_MJE_SPLITTING.sql,USP_LOAD_ETL5_COMBINE_SUNGL_MJE_SPLITTING
FOND_ID.USP_LOAD_ETL5_COMBINE_SUNGL_MJE_SPLITTING.sql,USP_GetRunIdReturn
FOND_ID.USP_LOAD_ETL5_COMBINE_SUNGL_MJE_SPLITTING.sql,USP_LOAD_ETL5_IFRS4_SUNGL_SPLITTING
FOND_ID.USP_LOAD_ETL5_COMBINE_SUNGL_MJE_SPLITTING.sql,USP_LOAD_ETL5_SUNGL_EXTRACT_SPLITTING
FOND_ID.USP_LOAD_ETL5_COMBINE_SUNGL_MJE_SPLITTING.sql,USP_LOAD_ETL5_SUNGL_EXTRACT_BINEXCLUSION_SEPARATION_SPLITTING
FOND_ID.USP_LOAD_ETL5_COMBINE_SUNGL_MJE_SPLITTING.sql,USP_LOAD_ETL5_IFRS4_SUNGL_FMC_BALANCING_SPLITTING
FOND_ID.USP_LOAD_ETL5_LIFEASIA_DRIVER_DETAIL_RENOVA.sql,USP_LOAD_ETL5_LIFEASIA_DRIVER_DETAIL_RENOVA
FOND_ID.USP_LOAD_ETL5_LIFEASIA_DRIVER_DETAIL_RENOVA.sql,FOND_ETL5_LIFEASIA_DRIVER_DETAIL_RENOVA
FOND_ID.USP_LOAD_ETL5_LIFEASIA_DRIVER_DETAIL_RENOVA.sql,USP_GetRunIdReturn
FOND_ID.USP_LOAD_ETL5_LIFEASIA_DRIVER_DETAIL_RENOVA.sql,FOND_IFRS17_PROC_LOG
FOND_ID.USP_LOAD_ETL5_LIFEASIA_DRIVER_DETAIL_RENOVA.sql,STAG_LIFEASIA_ITEMPF
FOND_ID.USP_LOAD_ETL5_LIFEASIA_DRIVER_DETAIL_RENOVA.sql,STAG_RENOVA_RENOVA_PREMIUM
FOND_ID.USP_LOAD_ETL5_LIFEASIA_DRIVER_DETAIL_RENOVA.sql,FOND_IFRS17_ETL5_PROC_LOG
FOND_ID.USP_LOAD_ETL5_PRODUCTION_COMMISSION_DRIVER_DETAIL_YTD.sql,USP_LOAD_ETL5_PRODUCTION_COMMISSION_DRIVER_DETAIL_YTD
FOND_ID.USP_LOAD_ETL5_PRODUCTION_COMMISSION_DRIVER_DETAIL_YTD.sql,FOND_ETL5_PRODUCTION_COMMISSION_DRIVER_DETAIL
FOND_ID.USP_LOAD_ETL5_PRODUCTION_COMMISSION_DRIVER_DETAIL_YTD.sql,FOND_IFRS17_PROC_LOG
FOND_ID.USP_LOAD_ETL5_PRODUCTION_COMMISSION_DRIVER_DETAIL_YTD.sql,FOND_ETL5_LIFEASIA_DRIVER_DETAIL_PRODUCTION_PERSISTENCY
FOND_ID.USP_LOAD_ETL5_PRODUCTION_COMMISSION_DRIVER_DETAIL_YTD.sql,FOND_IFRS17_ETL5_PROC_LOG
FOND_ID.USP_LOAD_ETL5_RI_CAT_LOADTOSTAG.sql,USP_LOAD_ETL5_RI_CAT_LOADTOSTAG
FOND_ID.USP_LOAD_ETL5_RI_CAT_LOADTOSTAG.sql,STAG_ETL5_RI_CAT_PRE_ALLOCATED
FOND_ID.USP_LOAD_ETL5_RI_CAT_LOADTOSTAG.sql,USP_GetRunIdReturn
FOND_ID.USP_LOAD_ETL5_RI_CAT_LOADTOSTAG.sql,FOND_IFRS17_PROC_LOG
FOND_ID.USP_LOAD_ETL5_RI_CAT_LOADTOSTAG.sql,STAG_LIFEASIA_ITEMPF
FOND_ID.USP_LOAD_ETL5_RI_CAT_LOADTOSTAG.sql,STAG_RENOVA_RENOVA_PREM_INPUT
FOND_ID.USP_LOAD_ETL5_RI_CAT_LOADTOSTAG.sql,STAG_RENOVA_RENOVA_PREMIUM
FOND_ID.USP_LOAD_ETL5_RI_CAT_LOADTOSTAG.sql,FOND_IFRS17_ETL5_PROC_LOG
FOND_ID.USP_LOAD_ETL5_NOP_PAA_DRIVER_DETAIL.sql,USP_LOAD_ETL5_NOP_PAA_DRIVER_DETAIL
FOND_ID.USP_LOAD_ETL5_NOP_PAA_DRIVER_DETAIL.sql,FOND_ETL5_NOP_PAA_DRIVER_DETAIL
FOND_ID.USP_LOAD_ETL5_NOP_PAA_DRIVER_DETAIL.sql,USP_GetRunIdReturn
FOND_ID.USP_LOAD_ETL5_NOP_PAA_DRIVER_DETAIL.sql,FOND_IFRS17_PROC_LOG
FOND_ID.USP_LOAD_ETL5_NOP_PAA_DRIVER_DETAIL.sql,FOND_IFRS17_ICG_STORES
FOND_ID.USP_LOAD_ETL5_NOP_PAA_DRIVER_DETAIL.sql,FOND_IFRS17_ETL5_PROC_LOG
FOND_ID.USP_LOAD_ETL5_GA_ALLOWANCE_DRIVER_DETAIL_YTD.sql,USP_LOAD_ETL5_GA_ALLOWANCE_DRIVER_DETAIL_YTD
FOND_ID.USP_LOAD_ETL5_GA_ALLOWANCE_DRIVER_DETAIL_YTD.sql,FOND_ETL5_GA_ALLOWANCE_DRIVER_DETAIL
FOND_ID.USP_LOAD_ETL5_GA_ALLOWANCE_DRIVER_DETAIL_YTD.sql,FOND_IFRS17_PROC_LOG
FOND_ID.USP_LOAD_ETL5_GA_ALLOWANCE_DRIVER_DETAIL_YTD.sql,FOND_ETL5_LIFEASIA_DRIVER_DETAIL_GA_ALLOWANCE
FOND_ID.USP_LOAD_ETL5_FYP_DRIVER_DETAIL_YTD_SPLITTING.sql,USP_LOAD_ETL5_FYP_DRIVER_DETAIL_YTD_SPLITTING
FOND_ID.USP_LOAD_ETL5_FYP_DRIVER_DETAIL_YTD_SPLITTING.sql,USP_LOAD_ETL5_FYP_YTD_SPLITTING
FOND_ID.USP_LOAD_ETL5_FYP_DRIVER_DETAIL_YTD_SPLITTING.sql,USP_GetRunIdReturn
FOND_ID.USP_LOAD_ETL5_FYP_DRIVER_DETAIL_YTD_SPLITTING.sql,FOND_IFRS17_PROC_LOG
FOND_ID.USP_LOAD_ETL5_FYP_DRIVER_DETAIL_YTD_SPLITTING.sql,FOND_IFRS17_ICG_STORES
FOND_ID.USP_LOAD_ETL5_FYP_DRIVER_DETAIL_YTD_SPLITTING.sql,STAG_CONFIG_RENOVA_ETL1_MAPPING
FOND_ID.USP_LOAD_ETL5_FYP_DRIVER_DETAIL_YTD_SPLITTING.sql,STAG_CONFIG_IFRS17_PORTFOLIO_MAPPING
FOND_ID.USP_LOAD_ETL5_FYP_DRIVER_DETAIL_YTD_SPLITTING.sql,FOND_ETL5_LIFEASIA_DRIVER_DETAIL_PREMIUM_COLLECTED_RENEWAL_PREMIUM
FOND_ID.USP_LOAD_ETL5_FYP_DRIVER_DETAIL_YTD_SPLITTING.sql,FOND_ETL5_PRUEMAS_FYP_DRIVER_DETAIL
FOND_ID.USP_LOAD_ETL5_FYP_DRIVER_DETAIL_YTD_SPLITTING.sql,FOND_ETL5_PRUAMAN_FYP_DRIVER_DETAIL
FOND_ID.USP_LOAD_ETL5_FYP_DRIVER_DETAIL_YTD_SPLITTING.sql,FOND_ETL5_PRUAMAN_SHARIA_FYP_DRIVER_DETAIL
FOND_ID.USP_LOAD_ETL5_FYP_DRIVER_DETAIL_YTD_SPLITTING.sql,FOND_ETL5_PAYLIFE_FYP_DRIVER_DETAIL
FOND_ID.USP_LOAD_ETL5_FYP_DRIVER_DETAIL_YTD_SPLITTING.sql,FOND_ETL5_CREDITSHIELD_FYP_DRIVER_DETAIL
FOND_ID.USP_LOAD_ETL5_FYP_DRIVER_DETAIL_YTD_SPLITTING.sql,FOND_ETL5_DPAS_DRIVER_DETAIL
FOND_ID.USP_LOAD_ETL5_FYP_DRIVER_DETAIL_YTD_SPLITTING.sql,FOND_ETL5_FYP_DRIVER_DETAIL
FOND_ID.USP_LOAD_ETL5_FYP_DRIVER_DETAIL_YTD_SPLITTING.sql,FOND_IFRS17_ETL5_PROC_LOG
FOND_ID.USP_LOAD_ETL5_LIFEASIA_DRIVER_DETAIL_PER_SUM_ASSURED_NB_NOP_AGENT.sql,USP_LOAD_ETL5_LIFEASIA_DRIVER_DETAIL_PER_SUM_ASSURED_NB_NOP_AGENT
FOND_ID.USP_LOAD_ETL5_LIFEASIA_DRIVER_DETAIL_PER_SUM_ASSURED_NB_NOP_AGENT.sql,FOND_ETL5_LIFEASIA_DRIVER_DETAIL_PER_SUM_ASSURED_NB_NOP_AGENT
FOND_ID.USP_LOAD_ETL5_LIFEASIA_DRIVER_DETAIL_PER_SUM_ASSURED_NB_NOP_AGENT.sql,USP_GetRunIdReturn
FOND_ID.USP_LOAD_ETL5_LIFEASIA_DRIVER_DETAIL_PER_SUM_ASSURED_NB_NOP_AGENT.sql,FOND_LIFEASIA_ETL4_LIFEASIA
FOND_ID.USP_LOAD_ETL5_LIFEASIA_DRIVER_DETAIL_PER_SUM_ASSURED_NB_NOP_AGENT.sql,FOND_IFRS17_PROC_LOG
FOND_ID.USP_LOAD_ETL5_LIFEASIA_DRIVER_DETAIL_PER_SUM_ASSURED_NB_NOP_AGENT.sql,STAG_LIFEASIA_CHDRPF
FOND_ID.USP_LOAD_ETL5_LIFEASIA_DRIVER_DETAIL_PER_SUM_ASSURED_NB_NOP_AGENT.sql,STAG_LIFEASIA_HPADPF
FOND_ID.USP_LOAD_ETL5_LIFEASIA_DRIVER_DETAIL_PER_SUM_ASSURED_NB_NOP_AGENT.sql,STAG_LIFEASIA_COVRPF
FOND_ID.USP_LOAD_ETL5_LIFEASIA_DRIVER_DETAIL_PER_SUM_ASSURED_NB_NOP_AGENT.sql,STAG_LIFEASIA_COVTPF
FOND_ID.USP_LOAD_ETL5_LIFEASIA_DRIVER_DETAIL_PER_SUM_ASSURED_NB_NOP_AGENT.sql,FOND_ETL5_LIFEASIA_MASTER_T0
FOND_ID.USP_LOAD_ETL5_LIFEASIA_DRIVER_DETAIL_PER_SUM_ASSURED_NB_NOP_AGENT.sql,FOND_IFRS17_ETL5_PROC_LOG
FOND_ID.USP_LOAD_ETL5_NOP_NB_DRIVER_DETAIL_YTD.sql,USP_LOAD_ETL5_NOP_NB_DRIVER_DETAIL_YTD
FOND_ID.USP_LOAD_ETL5_NOP_NB_DRIVER_DETAIL_YTD.sql,FOND_ETL5_NOP_NB_DRIVER_DETAIL
FOND_ID.USP_LOAD_ETL5_NOP_NB_DRIVER_DETAIL_YTD.sql,FOND_IFRS17_PROC_LOG
FOND_ID.USP_LOAD_ETL5_NOP_NB_DRIVER_DETAIL_YTD.sql,FOND_ETL5_LIFEASIA_DRIVER_DETAIL_PER_SUM_ASSURED_NB_NOP_AGENT
FOND_ID.USP_LOAD_ETL5_NOP_NB_DRIVER_DETAIL_YTD.sql,FOND_ETL5_PRUEMAS_DRIVER_DETAIL
FOND_ID.USP_LOAD_ETL5_NOP_NB_DRIVER_DETAIL_YTD.sql,FOND_ETL5_PRUAMAN_DRIVER_DETAIL
FOND_ID.USP_LOAD_ETL5_NOP_NB_DRIVER_DETAIL_YTD.sql,FOND_ETL5_PRUAMAN_SHARIA_DRIVER_DETAIL
FOND_ID.USP_LOAD_ETL5_NOP_NB_DRIVER_DETAIL_YTD.sql,FOND_ETL5_PAYLIFE_DRIVER_DETAIL
FOND_ID.USP_LOAD_ETL5_NOP_NB_DRIVER_DETAIL_YTD.sql,FOND_ETL5_CREDITSHIELD_DRIVER_DETAIL
FOND_ID.USP_LOAD_ETL5_NOP_NB_DRIVER_DETAIL_YTD.sql,FOND_IFRS17_ETL5_PROC_LOG
FOND_ID.USP_LOAD_ETL5_SUNGL_EXTRACT_EXCLUDED_SPLITTING.sql,USP_LOAD_ETL5_SUNGL_EXTRACT_EXCLUDED_SPLITTING
FOND_ID.USP_LOAD_ETL5_SUNGL_EXTRACT_EXCLUDED_SPLITTING.sql,FOND_PLAI_FOND_ETL5_SUNGL_EXCLUDED
FOND_ID.USP_LOAD_ETL5_SUNGL_EXTRACT_EXCLUDED_SPLITTING.sql,USP_GetRunIdReturn
FOND_ID.USP_LOAD_ETL5_SUNGL_EXTRACT_EXCLUDED_SPLITTING.sql,FOND_IFRS17_PROC_LOG
FOND_ID.USP_LOAD_ETL5_SUNGL_EXTRACT_EXCLUDED_SPLITTING.sql,FOND_ETL5_IFRS4_SUNGL
FOND_ID.USP_LOAD_ETL5_SUNGL_EXTRACT_EXCLUDED_SPLITTING.sql,FOND_ETL5_SUNGL_EXTRACT
FOND_ID.USP_LOAD_ETL5_SUNGL_EXTRACT_EXCLUDED_SPLITTING.sql,FOND_IFRS17_ETL5_PROC_LOG
FOND_ID.USP_LOAD_ETL5_IBNR_PRE_ALLOCATED.sql,USP_LOAD_ETL5_IBNR_PRE_ALLOCATED
FOND_ID.USP_LOAD_ETL5_IBNR_PRE_ALLOCATED.sql,FOND_ETL5_IBNR_PRE_ALLOCATED
FOND_ID.USP_LOAD_ETL5_IBNR_PRE_ALLOCATED.sql,USP_GetRunIdReturn
FOND_ID.USP_LOAD_ETL5_IBNR_PRE_ALLOCATED.sql,FOND_IFRS17_PROC_LOG
FOND_ID.USP_LOAD_ETL5_IBNR_PRE_ALLOCATED.sql,STAG_PREALLOC_ETL5_STAG_SUM_ASSURED_PRE_ALLOCATED
FOND_ID.USP_LOAD_ETL5_IBNR_PRE_ALLOCATED.sql,FOND_IFRS17_ICG_STORES
FOND_ID.USP_LOAD_ETL5_IBNR_PRE_ALLOCATED.sql,STAG_CONFIG_STAG_ETL5_IBNR_PRE_ALLOCATED
FOND_ID.USP_LOAD_ETL5_IBNR_PRE_ALLOCATED.sql,STAG_CONFIG_ETL5_IBNR_RISK_TYPE_MAPPING
FOND_ID.USP_LOAD_ETL5_IBNR_PRE_ALLOCATED.sql,STAG_CONFIG_ABST_FINANCE_CONFIG
FOND_ID.USP_LOAD_ETL5_IBNR_PRE_ALLOCATED.sql,FOND_PRE_ALLOC_PASS_THROUGH_EXTRACT
FOND_ID.USP_LOAD_ETL5_IBNR_PRE_ALLOCATED.sql,FOND_IFRS17_ETL5_PROC_LOG
FOND_ID.USP_LOAD_ETL5_LIFEASIA_DRIVER_DETAIL_PER_SUM_ASSURED_NB_NOP_AGENT_V1.sql,USP_LOAD_ETL5_LIFEASIA_DRIVER_DETAIL_PER_SUM_ASSURED_NB_NOP_AGENT_V1
FOND_ID.USP_LOAD_ETL5_LIFEASIA_DRIVER_DETAIL_PER_SUM_ASSURED_NB_NOP_AGENT_V1.sql,FOND_ETL5_LIFEASIA_DRIVER_DETAIL_PER_SUM_ASSURED_NB_NOP_AGENT_V1
FOND_ID.USP_LOAD_ETL5_LIFEASIA_DRIVER_DETAIL_PER_SUM_ASSURED_NB_NOP_AGENT_V1.sql,FOND_LIFEASIA_ETL4_LIFEASIA
FOND_ID.USP_LOAD_ETL5_LIFEASIA_DRIVER_DETAIL_PER_SUM_ASSURED_NB_NOP_AGENT_V1.sql,FOND_IFRS17_PROC_LOG
FOND_ID.USP_LOAD_ETL5_LIFEASIA_DRIVER_DETAIL_PER_SUM_ASSURED_NB_NOP_AGENT_V1.sql,STAG_LIFEASIA_CHDRPF
FOND_ID.USP_LOAD_ETL5_LIFEASIA_DRIVER_DETAIL_PER_SUM_ASSURED_NB_NOP_AGENT_V1.sql,STAG_LIFEASIA_HPADPF
FOND_ID.USP_LOAD_ETL5_LIFEASIA_DRIVER_DETAIL_PER_SUM_ASSURED_NB_NOP_AGENT_V1.sql,STAG_LIFEASIA_COVRPF
FOND_ID.USP_LOAD_ETL5_LIFEASIA_DRIVER_DETAIL_PER_SUM_ASSURED_NB_NOP_AGENT_V1.sql,STAG_LIFEASIA_COVTPF
FOND_ID.USP_LOAD_ETL5_LIFEASIA_DRIVER_DETAIL_PER_SUM_ASSURED_NB_NOP_AGENT_V1.sql,FOND_ETL5_LIFEASIA_MASTER_T0
FOND_ID.USP_LOAD_ETL5_LIFEASIA_DRIVER_DETAIL_PER_SUM_ASSURED_NB_NOP_AGENT_V1.sql,STAG_LIFEASIA_AGNTPF
FOND_ID.USP_LOAD_ETL5_LIFEASIA_DRIVER_DETAIL_PER_SUM_ASSURED_NB_NOP_AGENT_V1.sql,FOND_ETL5_LIFEASIA_DRIVER_DETAIL_PER_SUM_ASSURED_NB_NOP_AGENT
FOND_ID.USP_LOAD_ETL5_LIFEASIA_DRIVER_DETAIL_PER_SUM_ASSURED_NB_NOP_AGENT_V1.sql,FOND_IFRS17_ETL5_PROC_LOG
FOND_ID.USP_LOAD_ETL5_FYP_PAA_DRIVER_DETAIL.sql,USP_LOAD_ETL5_FYP_PAA_DRIVER_DETAIL
FOND_ID.USP_LOAD_ETL5_FYP_PAA_DRIVER_DETAIL.sql,FOND_ETL5_DPAS_DRIVER_DETAIL
FOND_ID.USP_LOAD_ETL5_FYP_PAA_DRIVER_DETAIL.sql,USP_GetRunIdReturn
FOND_ID.USP_LOAD_ETL5_FYP_PAA_DRIVER_DETAIL.sql,FOND_IFRS17_PROC_LOG
FOND_ID.USP_LOAD_ETL5_FYP_PAA_DRIVER_DETAIL.sql,STAG_CONFIG_ETL5_IFRS17_DPAS_MAPPING
FOND_ID.USP_LOAD_ETL5_FYP_PAA_DRIVER_DETAIL.sql,FOND_IFRS17_ETL5_PROC_LOG
FOND_ID.USP_LOAD_ETL5_RENEWAL_PREMIUM_DRIVER_DETAIL_YTD.sql,USP_LOAD_ETL5_RENEWAL_PREMIUM_DRIVER_DETAIL_YTD
FOND_ID.USP_LOAD_ETL5_RENEWAL_PREMIUM_DRIVER_DETAIL_YTD.sql,FOND_ETL5_RENEWAL_PREMIUM_DRIVER_DETAIL
FOND_ID.USP_LOAD_ETL5_RENEWAL_PREMIUM_DRIVER_DETAIL_YTD.sql,USP_GetRunIdReturn
FOND_ID.USP_LOAD_ETL5_RENEWAL_PREMIUM_DRIVER_DETAIL_YTD.sql,FOND_IFRS17_PROC_LOG
FOND_ID.USP_LOAD_ETL5_RENEWAL_PREMIUM_DRIVER_DETAIL_YTD.sql,FOND_ETL5_LIFEASIA_DRIVER_DETAIL_PREMIUM_COLLECTED_RENEWAL_PREMIUM
FOND_ID.USP_LOAD_ETL5_RENEWAL_PREMIUM_DRIVER_DETAIL_YTD.sql,FOND_ETL5_PRUEMAS_DRIVER_DETAIL
FOND_ID.USP_LOAD_ETL5_RENEWAL_PREMIUM_DRIVER_DETAIL_YTD.sql,FOND_ETL5_PRUAMAN_DRIVER_DETAIL
FOND_ID.USP_LOAD_ETL5_RENEWAL_PREMIUM_DRIVER_DETAIL_YTD.sql,FOND_ETL5_PRUAMAN_SHARIA_DRIVER_DETAIL
FOND_ID.USP_LOAD_ETL5_RENEWAL_PREMIUM_DRIVER_DETAIL_YTD.sql,FOND_ETL5_PAYLIFE_DRIVER_DETAIL
FOND_ID.USP_LOAD_ETL5_RENEWAL_PREMIUM_DRIVER_DETAIL_YTD.sql,FOND_ETL5_CREDITSHIELD_DRIVER_DETAIL
FOND_ID.USP_LOAD_ETL5_RENEWAL_PREMIUM_DRIVER_DETAIL_YTD.sql,FOND_IFRS17_ETL5_PROC_LOG
FOND_ID.USP_LOAD_ETL5_IAI_LOCAL_FX_OVERRIDE.sql,USP_LOAD_ETL5_IAI_LOCAL_FX_OVERRIDE
FOND_ID.USP_LOAD_ETL5_IAI_LOCAL_FX_OVERRIDE.sql,USP_GetRunIdReturn
FOND_ID.USP_LOAD_ETL5_IAI_LOCAL_FX_OVERRIDE.sql,FOND_IFRS17_PROC_LOG
FOND_ID.USP_LOAD_ETL5_IAI_LOCAL_FX_OVERRIDE.sql,STAG_WS_BIRATE_KURSDAILY_VW
FOND_ID.USP_LOAD_ETL5_IAI_LOCAL_FX_OVERRIDE.sql,FOND_ETL5_IAI_LOCAL_FX_OVERRIDE
FOND_ID.USP_LOAD_ETL5_RENOVA_DRIVER_DETAIL_YTD.sql,USP_LOAD_ETL5_RENOVA_DRIVER_DETAIL_YTD
FOND_ID.USP_LOAD_ETL5_RENOVA_DRIVER_DETAIL_YTD.sql,USP_GetRunIdReturn
FOND_ID.USP_LOAD_ETL5_RENOVA_DRIVER_DETAIL_YTD.sql,FOND_IFRS17_PROC_LOG
FOND_ID.USP_LOAD_ETL5_RENOVA_DRIVER_DETAIL_YTD.sql,FOND_ETL5_LIFEASIA_DRIVER_DETAIL_RENOVA
FOND_ID.USP_LOAD_ETL5_RENOVA_DRIVER_DETAIL_YTD.sql,FOND_ETL5_RENOVA_DRIVER_DETAIL
FOND_ID.USP_LOAD_ETL5_RENOVA_DRIVER_DETAIL_YTD.sql,FOND_IFRS17_ETL5_PROC_LOG
FOND_ID.USP_LOAD_ETL5_NO_OF_STAFF_STEP3.sql,USP_LOAD_ETL5_NO_OF_STAFF_STEP3
FOND_ID.USP_LOAD_ETL5_NO_OF_STAFF_STEP3.sql,FOND_ETL5_NO_STAF_DRIVER_DETAIL
FOND_ID.USP_LOAD_ETL5_NO_OF_STAFF_STEP3.sql,FOND_ETL5_tTEMP_NO_STAFF_PRODUCT_NB+
FOND_ID.USP_LOAD_ETL5_NO_OF_STAFF_STEP3.sql,FOND_ETL5_tTEMP_NO_STAFF_PRODUCT_EB+
FOND_ID.USP_LOAD_ETL5_NO_OF_STAFF_STEP3.sql,FOND_ETL5_NO_STAF_WITHOUT_GOC
FOND_ID.USP_LOAD_ETL5_PRE_COVERAGE.sql,USP_LOAD_ETL5_PRE_COVERAGE
FOND_ID.USP_LOAD_ETL5_PRE_COVERAGE.sql,USP_GetRunIdReturn
FOND_ID.USP_LOAD_ETL5_PRE_COVERAGE.sql,FOND_IFRS17_PROC_LOG
FOND_ID.USP_LOAD_ETL5_PRE_COVERAGE.sql,STAG_PRE_COVERAGE_ETL5_L2_L1_MAPPING_CONFIG
FOND_ID.USP_LOAD_ETL5_PRE_COVERAGE.sql,STAG_CONFIG_SUNGL_MASTER_ANC_L2
FOND_ID.USP_LOAD_ETL5_PRE_COVERAGE.sql,STAG_CONFIG_IFRS17_L1_CODE_GHO_ROLLUP
FOND_ID.USP_LOAD_ETL5_PRE_COVERAGE.sql,STAG_CONFIG_SUNGL_MASTER_ANC_L1
FOND_ID.USP_LOAD_ETL5_PRE_COVERAGE.sql,STAG_LIFEASIA_GA_ALLOWANCE
FOND_ID.USP_LOAD_ETL5_PRE_COVERAGE.sql,STAG_CONFIG_STAG_PRE_COVERAGE_ETL5_GA_CONFIG
FOND_ID.USP_LOAD_ETL5_PRE_COVERAGE.sql,STAG_LIFEASIA_HPADPF
FOND_ID.USP_LOAD_ETL5_PRE_COVERAGE.sql,FOND_IFRS17_ICG_STORES
FOND_ID.USP_LOAD_ETL5_PRE_COVERAGE.sql,FOND_ETL5_DRIVER_MASTER
FOND_ID.USP_LOAD_ETL5_PRE_COVERAGE.sql,FOND_IFRS17_BENEFIT_INSURANCE_CONTRACT_GROUP_MASTER
FOND_ID.USP_LOAD_ETL5_PRE_COVERAGE.sql,STAG_CONFIG_STAG_PRE_COVERAGE_ETL5_COMPENSATION_SCHEME_CONFIG
FOND_ID.USP_LOAD_ETL5_PRE_COVERAGE.sql,FOND_ETL5_PRE_COVERAGE
FOND_ID.USP_LOAD_ETL5_PRE_COVERAGE.sql,FOND_IFRS17_ETL5_PROC_LOG
FOND_ID.USP_ETL5_SUNGL_COMPLETENESS_CHECK_SPLITTING.sql,USP_ETL5_SUNGL_COMPLETENESS_CHECK_SPLITTING
FOND_ID.USP_ETL5_SUNGL_COMPLETENESS_CHECK_SPLITTING.sql,USP_GetRunIdReturn
FOND_ID.USP_ETL5_SUNGL_COMPLETENESS_CHECK_SPLITTING.sql,FOND_IFRS17_PROC_LOG
FOND_ID.USP_ETL5_SUNGL_COMPLETENESS_CHECK_SPLITTING.sql,STAG_SUNGL_ABSTR_IFRS4_SUNGL
FOND_ID.USP_ETL5_SUNGL_COMPLETENESS_CHECK_SPLITTING.sql,FOND_ETL5_SUNGL_EXTRACT
FOND_ID.USP_ETL5_SUNGL_COMPLETENESS_CHECK_SPLITTING.sql,STAG_ETL4_INTEGRATION_TEST
FOND_ID.USP_ETL5_SUNGL_COMPLETENESS_CHECK_SPLITTING.sql,FOND_ETL5_SUNGL_EXTRACT_BIN
FOND_ID.USP_ETL5_SUNGL_COMPLETENESS_CHECK_SPLITTING.sql,STAG_SUNGL_ABSTR_IFRS4_SUNGL_NEW_ENTRIES
FOND_ID.USP_ETL5_SUNGL_COMPLETENESS_CHECK_SPLITTING.sql,FOND_ETL5_EXCLUSION_CONFIG
FOND_ID.USP_ETL5_SUNGL_COMPLETENESS_CHECK_SPLITTING.sql,FOND_ETL5_SUNGL_COMPLETENESS_CHECK
FOND_ID.USP_ETL5_SUNGL_COMPLETENESS_CHECK_SPLITTING.sql,FOND_IFRS17_ETL5_PROC_LOG
FOND_ID.USP_ETL5_SUNGL_COMPLETENESS_CHECK_SPLITTING.sql,"FOND_ETL5_SUNGL_COMPLETENESS_CHECK,@V_TOTAL_ROWS,MTD,@V_PERIOD"
FOND_ID.USP_LOAD_ETL5_CREDITSHEILD_DRIVER_DETAIL.sql,USP_LOAD_ETL5_CREDITSHEILD_DRIVER_DETAIL
FOND_ID.USP_LOAD_ETL5_CREDITSHEILD_DRIVER_DETAIL.sql,USP_GetRunIdReturn
FOND_ID.USP_LOAD_ETL5_CREDITSHEILD_DRIVER_DETAIL.sql,FOND_IFRS17_PROC_LOG
FOND_ID.USP_LOAD_ETL5_CREDITSHEILD_DRIVER_DETAIL.sql,STAG_CREDITSHIELD_STAG_PREMI
FOND_ID.USP_LOAD_ETL5_CREDITSHEILD_DRIVER_DETAIL.sql,STAG_CREDITSHIELD_STAG_ETL1_POLICY_RELATED
FOND_ID.USP_LOAD_ETL5_CREDITSHEILD_DRIVER_DETAIL.sql,FOND_ETL5_CREDITSHIELD_DRIVER_DETAIL
FOND_ID.USP_LOAD_ETL5_CREDITSHEILD_DRIVER_DETAIL.sql,FOND_ETL5_CREDITSHIELD_FYP_DRIVER_DETAIL
FOND_ID.USP_LOAD_ETL5_PER_SUM_ASSURED_DRIVER_DETAIL.sql,USP_LOAD_ETL5_PER_SUM_ASSURED_DRIVER_DETAIL
FOND_ID.USP_LOAD_ETL5_PER_SUM_ASSURED_DRIVER_DETAIL.sql,FOND_ETL5_PER_SUM_ASSURED_DRIVER_DETAIL
FOND_ID.USP_LOAD_ETL5_PER_SUM_ASSURED_DRIVER_DETAIL.sql,FOND_IFRS17_PROC_LOG
FOND_ID.USP_LOAD_ETL5_PER_SUM_ASSURED_DRIVER_DETAIL.sql,FOND_ETL5_LIFEASIA_DRIVER_DETAIL_PER_SUM_ASSURED_NB_NOP_AGENT
FOND_ID.USP_LOAD_ETL5_PER_SUM_ASSURED_DRIVER_DETAIL.sql,FOND_ETL5_PRUEMAS_DRIVER_DETAIL
FOND_ID.USP_LOAD_ETL5_PER_SUM_ASSURED_DRIVER_DETAIL.sql,FOND_ETL5_PRUAMAN_SHARIA_DRIVER_DETAIL
FOND_ID.USP_LOAD_ETL5_PER_SUM_ASSURED_DRIVER_DETAIL.sql,FOND_ETL5_PRUAMAN_DRIVER_DETAIL
FOND_ID.USP_LOAD_ETL5_PER_SUM_ASSURED_DRIVER_DETAIL.sql,FOND_ETL5_PAYLIFE_DRIVER_DETAIL
FOND_ID.USP_LOAD_ETL5_PER_SUM_ASSURED_DRIVER_DETAIL.sql,FOND_ETL5_CREDITSHIELD_DRIVER_DETAIL
FOND_ID.USP_LOAD_ETL5_PER_SUM_ASSURED_DRIVER_DETAIL.sql,FOND_PER_SUM_ASSURED_DRIVER_DETAIL
FOND_ID.USP_LOAD_ETL5_IAI_CAT_PORT_CONFIG.sql,USP_LOAD_ETL5_IAI_CAT_PORT_CONFIG
FOND_ID.USP_LOAD_ETL5_IAI_CAT_PORT_CONFIG.sql,FOND_ETL5_IAI_CAT_PORT_CONFIG
FOND_ID.USP_LOAD_ETL5_IAI_CAT_PORT_CONFIG.sql,USP_GetRunIdReturn
FOND_ID.USP_LOAD_ETL5_IAI_CAT_PORT_CONFIG.sql,FOND_IFRS17_PROC_LOG
FOND_ID.USP_LOAD_ETL5_IAI_CAT_PORT_CONFIG.sql,STAG_LIFEASIA_GA_ALLOWANCE
FOND_ID.USP_LOAD_ETL5_IAI_CAT_PORT_CONFIG.sql,STAG_CONFIG_STAG_PRE_COVERAGE_ETL5_GA_CONFIG
FOND_ID.USP_LOAD_ETL5_IAI_CAT_PORT_CONFIG.sql,STAG_LIFEASIA_HPADPF
FOND_ID.USP_LOAD_ETL5_IAI_CAT_PORT_CONFIG.sql,FOND_IFRS17_ICG_STORES
FOND_ID.USP_LOAD_ETL5_IAI_CAT_PORT_CONFIG.sql,FOND_IFRS17_BENEFIT_INSURANCE_CONTRACT_GROUP_MASTER
FOND_ID.USP_LOAD_ETL5_IAI_CAT_PORT_CONFIG.sql,FOND_ETL5_PRE_COVERAGE
FOND_ID.USP_LOAD_ETL5_IAI_CAT_PORT_CONFIG.sql,FOND_ETL5_PRE_COVERAGE_RUNOFF
FOND_ID.USP_LOAD_ETL5_IAI_CAT_PORT_CONFIG.sql,FOND_IFRS17_ETL5_PROC_LOG
FOND_ID.USP_LOAD_ETL5_FYP_DRIVER_DETAIL_YTD.sql,USP_LOAD_ETL5_FYP_DRIVER_DETAIL_YTD
FOND_ID.USP_LOAD_ETL5_FYP_DRIVER_DETAIL_YTD.sql,USP_LOAD_ETL5_FYP_YTD
FOND_ID.USP_LOAD_ETL5_FYP_DRIVER_DETAIL_YTD.sql,USP_GetRunIdReturn
FOND_ID.USP_LOAD_ETL5_FYP_DRIVER_DETAIL_YTD.sql,FOND_IFRS17_PROC_LOG
FOND_ID.USP_LOAD_ETL5_FYP_DRIVER_DETAIL_YTD.sql,FOND_ETL5_LIFEASIA_DRIVER_DETAIL_PREMIUM_COLLECTED_RENEWAL_PREMIUM
FOND_ID.USP_LOAD_ETL5_FYP_DRIVER_DETAIL_YTD.sql,FOND_ETL5_PRUEMAS_FYP_DRIVER_DETAIL
FOND_ID.USP_LOAD_ETL5_FYP_DRIVER_DETAIL_YTD.sql,FOND_ETL5_PRUAMAN_FYP_DRIVER_DETAIL
FOND_ID.USP_LOAD_ETL5_FYP_DRIVER_DETAIL_YTD.sql,FOND_ETL5_PRUAMAN_SHARIA_FYP_DRIVER_DETAIL
FOND_ID.USP_LOAD_ETL5_FYP_DRIVER_DETAIL_YTD.sql,FOND_ETL5_PAYLIFE_FYP_DRIVER_DETAIL
FOND_ID.USP_LOAD_ETL5_FYP_DRIVER_DETAIL_YTD.sql,FOND_ETL5_CREDITSHIELD_FYP_DRIVER_DETAIL
FOND_ID.USP_LOAD_ETL5_FYP_DRIVER_DETAIL_YTD.sql,FOND_ETL5_DPAS_DRIVER_DETAIL
FOND_ID.USP_LOAD_ETL5_FYP_DRIVER_DETAIL_YTD.sql,STAG_CONFIG_IFRS17_PORTFOLIO_MAPPING
FOND_ID.USP_LOAD_ETL5_FYP_DRIVER_DETAIL_YTD.sql,FOND_ETL5_FYP_DRIVER_DETAIL
FOND_ID.USP_LOAD_ETL5_FYP_DRIVER_DETAIL_YTD.sql,FOND_IFRS17_ETL5_PROC_LOG
FOND_ID.USP_LOAD_ETL5_WP_DRIVER.sql,USP_LOAD_ETL5_WP_DRIVER
FOND_ID.USP_LOAD_ETL5_WP_DRIVER.sql,USP_GetRunIdReturn
FOND_ID.USP_LOAD_ETL5_WP_DRIVER.sql,FOND_IFRS17_PROC_LOG
FOND_ID.USP_LOAD_ETL5_WP_DRIVER.sql,FOND_ETL5_LIFEASIA_DRIVER_DETAIL_PREMIUM_COLLECTED_RENEWAL_PREMIUM
FOND_ID.USP_LOAD_ETL5_WP_DRIVER.sql,FOND_ETL5_PRUAMAN_SHARIA_FYP_DRIVER_DETAIL
FOND_ID.USP_LOAD_ETL5_WP_DRIVER.sql,FOND_ETL5_PAYLIFE_FYP_DRIVER_DETAIL
FOND_ID.USP_LOAD_ETL5_WP_DRIVER.sql,FOND_ETL5_PRUAMAN_FYP_DRIVER_DETAIL
FOND_ID.USP_LOAD_ETL5_WP_DRIVER.sql,FOND_ETL5_PRUEMAS_FYP_DRIVER_DETAIL
FOND_ID.USP_LOAD_ETL5_WP_DRIVER.sql,FOND_ETL5_CREDITSHIELD_FYP_DRIVER_DETAIL
FOND_ID.USP_LOAD_ETL5_WP_DRIVER.sql,FOND_ETL5_LIFEASIA_DRIVER_DETAIL_PER_ACCOUNT_VALUE
FOND_ID.USP_LOAD_ETL5_WP_DRIVER.sql,FOND_ETL5_DRIVER_MASTER
FOND_ID.USP_LOAD_ETL5_WP_DRIVER.sql,FOND_ETL5_NOP_PAA_DRIVER_DETAIL
FOND_ID.USP_LOAD_ETL5_WP_DRIVER.sql,FOND_ETL5_WP_DRIVER
FOND_ID.USP_LOAD_ETL5_NOP_NB_APE_DRIVER_DETAIL.sql,USP_LOAD_ETL5_NOP_NB_APE_DRIVER_DETAIL
FOND_ID.USP_LOAD_ETL5_NOP_NB_APE_DRIVER_DETAIL.sql,FOND_ETL5_MIX_NOP_NB_APE_DRIVER_DETAIL
FOND_ID.USP_LOAD_ETL5_NOP_NB_APE_DRIVER_DETAIL.sql,FOND_IFRS17_PROC_LOG
FOND_ID.USP_LOAD_ETL5_NOP_NB_APE_DRIVER_DETAIL.sql,STAG_CONFIG_MIX_DRIVER_DETAIL
FOND_ID.USP_LOAD_ETL5_NOP_NB_APE_DRIVER_DETAIL.sql,FOND_ETL5_APE_DRIVER_DETAIL
FOND_ID.USP_LOAD_ETL5_NOP_NB_APE_DRIVER_DETAIL.sql,FOND_ETL5_NOP_NB_DRIVER_DETAIL
FOND_ID.USP_LOAD_ETL5_NOP_NB_APE_DRIVER_DETAIL.sql,FOND_ETL5_DRIVER_RATIO_AND_ALLOCATION
FOND_ID.USP_LOAD_ETL5_NOP_NB_APE_DRIVER_DETAIL.sql,FOND_ETL5_DRIVER_DETAIL_TOTAL_RATIO
FOND_ID.USP_LOAD_ETL5_NOP_NB_APE_DRIVER_DETAIL.sql,FOND_ETL5_DRIVER_DETAIL_TOTAL_RATIO_POLICY
FOND_ID.USP_LOAD_ETL5_NOP_NB_APE_DRIVER_DETAIL.sql,FOND_ETL5_DRIVER_DETAIL_ALL_RATIO
FOND_ID.USP_LOAD_ETL5_NOP_NB_APE_DRIVER_DETAIL.sql,FOND_ETL5_DRIVER_DETAIL_MIX
FOND_ID.USP_LOAD_ETL5_COMBINE_SUNGL_MJE_COMPLETENESS.sql,USP_LOAD_ETL5_COMBINE_SUNGL_MJE_COMPLETENESS
FOND_ID.USP_LOAD_ETL5_COMBINE_SUNGL_MJE_COMPLETENESS.sql,USP_LOAD_ETL5_MJE
FOND_ID.USP_LOAD_ETL5_COMBINE_SUNGL_MJE_COMPLETENESS.sql,USP_GetRunIdReturn
FOND_ID.USP_LOAD_ETL5_COMBINE_SUNGL_MJE_COMPLETENESS.sql,USP_ETL5_SUNGL_COMPLETENESS_CHECK
FOND_ID.USP_LOAD_ETL5_COMBINE_SUNGL_MJE_COMPLETENESS.sql,USP_LOAD_ETL5_SUNGL_ZERO_AUTOMATION
FOND_ID.USP_LOAD_ETL5_ALLOCATION_MAPPING.sql,USP_LOAD_ETL5_ALLOCATION_MAPPING
FOND_ID.USP_LOAD_ETL5_ALLOCATION_MAPPING.sql,FOND_ETL5_ALLOCATION_MAPPING
FOND_ID.USP_LOAD_ETL5_ALLOCATION_MAPPING.sql,FOND_IFRS17_PROC_LOG
FOND_ID.USP_LOAD_ETL5_ALLOCATION_MAPPING.sql,STAG_CONFIG_STAG_PLAI_ALLOCATION_MAPPING
FOND_ID.USP_LOAD_ETL5_ALLOCATION_MAPPING.sql,FOND_CONFIG_STAG_PLAI_ALLOCATION_MAPPING
FOND_ID.USP_LOAD_ETL5_ALLOCATION_MAPPING.sql,FOND_ETL5_EXCLUSION_CONFIG
FOND_ID.USP_LOAD_ETL5_ALLOCATION_MAPPING.sql,FOND_IFRS17_ETL5_PROC_LOG
FOND_ID.USP_LOAD_ETL5_ALLOCATION_MAPPING.sql,FOND_CONFIG_STAG_PLAI_CLASSIFICATION_MAPPING
FOND_ID.USP_LOAD_ETL5_NEW_ENTRIES.sql,USP_LOAD_ETL5_NEW_ENTRIES
FOND_ID.USP_LOAD_ETL5_NEW_ENTRIES.sql,FOND_IFRS17_PROC_LOG
FOND_ID.USP_LOAD_ETL5_NEW_ENTRIES.sql,STAG_SUNGL_ABSTR_IFRS4_SUNGL
FOND_ID.USP_LOAD_ETL5_NEW_ENTRIES.sql,STAG_SUNGL_ABSTR_IFRS4_SUNGL_NEW_ENTRIES
FOND_ID.USP_LOAD_ETL5_NEW_ENTRIES.sql,STAG_CONFIG_ETL5_SPIN_OFF
FOND_ID.USP_LOAD_ETL5_NEW_ENTRIES.sql,FOND_IFRS17_ETL5_PROC_LOG
FOND_ID.USP_LOAD_ETL5_SUNGL_EXTRACT_BINEXCLUSION_SEPARATION.sql,USP_LOAD_ETL5_SUNGL_EXTRACT_BINEXCLUSION_SEPARATION
FOND_ID.USP_LOAD_ETL5_SUNGL_EXTRACT_BINEXCLUSION_SEPARATION.sql,USP_GetRunIdReturn
FOND_ID.USP_LOAD_ETL5_SUNGL_EXTRACT_BINEXCLUSION_SEPARATION.sql,FOND_IFRS17_PROC_LOG
FOND_ID.USP_LOAD_ETL5_SUNGL_EXTRACT_BINEXCLUSION_SEPARATION.sql,FOND_ETL5_BIN_ACCOUNT_CONFIG_SEP_TMP+@yearmonth++
FOND_ID.USP_LOAD_ETL5_SUNGL_EXTRACT_BINEXCLUSION_SEPARATION.sql,FOND_ETL5_SUNGL_EXTRACT_SEP_TMP+@yearmonth++
FOND_ID.USP_LOAD_ETL5_SUNGL_EXTRACT_BINEXCLUSION_SEPARATION.sql,FOND_PLAI_FOND_ETL5_SUNGL_EXCLUDED_SEP_TMP+@yearmonth++
FOND_ID.USP_LOAD_ETL5_SUNGL_EXTRACT_BINEXCLUSION_SEPARATION.sql,FOND_ETL5_EXCLUSION_CONFIG_SEP_TMP+@yearmonth+
FOND_ID.USP_LOAD_ETL5_SUNGL_EXTRACT_BINEXCLUSION_SEPARATION.sql,FOND_ETL5_BIN_ACCOUNT_CONFIG
FOND_ID.USP_LOAD_ETL5_SUNGL_EXTRACT_BINEXCLUSION_SEPARATION.sql,FOND_ETL5_SUNGL_EXTRACT
FOND_ID.USP_LOAD_ETL5_SUNGL_EXTRACT_BINEXCLUSION_SEPARATION.sql,FOND_PLAI_FOND_ETL5_SUNGL_EXCLUDED
FOND_ID.USP_LOAD_ETL5_SUNGL_EXTRACT_BINEXCLUSION_SEPARATION.sql,FOND_ETL5_EXCLUSION_CONFIG
FOND_ID.USP_LOAD_ETL5_SUNGL_EXTRACT_BINEXCLUSION_SEPARATION.sql,USP_LOAD_ETL5_SUNGL_EXTRACT
FOND_ID.USP_LOAD_ETL5_SUNGL_EXTRACT_BINEXCLUSION_SEPARATION.sql,USP_LOAD_ETL5_SUNGL_EXTRACT_EXCLUDED
FOND_ID.USP_LOAD_ETL5_SUNGL_EXTRACT_BINEXCLUSION_SEPARATION.sql,FOND_ETL5_SUNGL_EXTRACT_EXCLUSION
FOND_ID.USP_LOAD_ETL5_SUNGL_EXTRACT_BINEXCLUSION_SEPARATION.sql,FOND_PLAI_FOND_ETL5_SUNGL_EXCLUDED_EXCLUSION
FOND_ID.USP_LOAD_ETL5_SUNGL_EXTRACT_BINEXCLUSION_SEPARATION.sql,FOND_ETL5_BIN_ACCOUNT_CONFIG_SEP_TMP+@yearmonth+
FOND_ID.USP_LOAD_ETL5_SUNGL_EXTRACT_BINEXCLUSION_SEPARATION.sql,FOND_ETL5_SUNGL_EXTRACT_SEP_TMP+@yearmonth+
FOND_ID.USP_LOAD_ETL5_SUNGL_EXTRACT_BINEXCLUSION_SEPARATION.sql,FOND_PLAI_FOND_ETL5_SUNGL_EXCLUDED_SEP_TMP+@yearmonth+
FOND_ID.USP_LOAD_ETL5_SUNGL_EXTRACT_BINEXCLUSION_SEPARATION.sql,FOND_ETL5_SUNGL_EXTRACT_BIN
FOND_ID.USP_LOAD_ETL5_SUNGL_EXTRACT_BINEXCLUSION_SEPARATION.sql,FOND_PLAI_FOND_ETL5_SUNGL_EXCLUDED_BIN
FOND_ID.USP_LOAD_ETL5_SUNGL_EXTRACT_BINEXCLUSION_SEPARATION.sql,STAG_SUNGL_ABSTR_IFRS4_SUNGL
FOND_ID.USP_LOAD_ETL5_COLLECTED_PREMIUM_DRIVER_DETAIL.sql,USP_LOAD_ETL5_COLLECTED_PREMIUM_DRIVER_DETAIL
FOND_ID.USP_LOAD_ETL5_COLLECTED_PREMIUM_DRIVER_DETAIL.sql,FOND_IFRS17_PROC_LOG
FOND_ID.USP_LOAD_ETL5_COLLECTED_PREMIUM_DRIVER_DETAIL.sql,FOND_ETL5_LIFEASIA_DRIVER_DETAIL_PREMIUM_COLLECTED_RENEWAL_PREMIUM
FOND_ID.USP_LOAD_ETL5_COLLECTED_PREMIUM_DRIVER_DETAIL.sql,FOND_ETL5_PRUEMAS_DRIVER_DETAIL
FOND_ID.USP_LOAD_ETL5_COLLECTED_PREMIUM_DRIVER_DETAIL.sql,FOND_ETL5_PRUAMAN_DRIVER_DETAIL
FOND_ID.USP_LOAD_ETL5_COLLECTED_PREMIUM_DRIVER_DETAIL.sql,FOND_ETL5_PRUAMAN_SHARIA_DRIVER_DETAIL
FOND_ID.USP_LOAD_ETL5_COLLECTED_PREMIUM_DRIVER_DETAIL.sql,FOND_ETL5_PAYLIFE_DRIVER_DETAIL
FOND_ID.USP_LOAD_ETL5_COLLECTED_PREMIUM_DRIVER_DETAIL.sql,FOND_ETL5_CREDITSHIELD_DRIVER_DETAIL
FOND_ID.USP_LOAD_ETL5_COLLECTED_PREMIUM_DRIVER_DETAIL.sql,FOND_ETL5_COLLECTED_PREMIUM_DRIVER_DETAIL
FOND_ID.USP_LOAD_ETL5_SUNGL_EXTRACT_EXCLUDED.sql,USP_LOAD_ETL5_SUNGL_EXTRACT_EXCLUDED
FOND_ID.USP_LOAD_ETL5_SUNGL_EXTRACT_EXCLUDED.sql,FOND_PLAI_FOND_ETL5_SUNGL_EXCLUDED
FOND_ID.USP_LOAD_ETL5_SUNGL_EXTRACT_EXCLUDED.sql,USP_GetRunIdReturn
FOND_ID.USP_LOAD_ETL5_SUNGL_EXTRACT_EXCLUDED.sql,FOND_IFRS17_PROC_LOG
FOND_ID.USP_LOAD_ETL5_SUNGL_EXTRACT_EXCLUDED.sql,FOND_ETL5_IFRS4_SUNGL
FOND_ID.USP_LOAD_ETL5_SUNGL_EXTRACT_EXCLUDED.sql,FOND_ETL5_SUNGL_EXTRACT
FOND_ID.USP_LOAD_ETL5_SUNGL_EXTRACT_EXCLUDED.sql,FOND_IFRS17_ETL5_PROC_LOG
FOND_ID.USP_LOAD_ETL5_DRIVER_MASTER_SUNGL_B71.sql,USP_LOAD_ETL5_DRIVER_MASTER_SUNGL_B71
FOND_ID.USP_LOAD_ETL5_DRIVER_MASTER_SUNGL_B71.sql,FOND_ETL5_DRIVER_MASTER_B71
FOND_ID.USP_LOAD_ETL5_DRIVER_MASTER_SUNGL_B71.sql,FOND_IFRS17_PROC_LOG
FOND_ID.USP_LOAD_ETL5_DRIVER_MASTER_SUNGL_B71.sql,FOND_ETL5_SUNGL_EXTRACT
FOND_ID.USP_LOAD_ETL5_DRIVER_MASTER_SUNGL_B71.sql,STAG_SUNGL_ABSTR_IFRS4_SUNGL
FOND_ID.USP_LOAD_ETL5_DRIVER_MASTER_SUNGL_B71.sql,STAG_CONFIG_ETL5_ALLOC_DRIVER_B71_CONFIG
FOND_ID.USP_LOAD_ETL5_DRIVER_MASTER_SUNGL_B71.sql,STAG_CONFIG_ETL5_B71_CONFIG
FOND_ID.USP_LOAD_ETL5_DRIVER_MASTER_SUNGL_B71.sql,FOND_ETL5_DRIVER_MASTER
FOND_ID.USP_LOAD_ETL5_DRIVER_MASTER_SUNGL_B71.sql,FOND_IFRS17_ICG_STORES
FOND_ID.USP_LOAD_ETL5_DRIVER_MASTER_SUNGL_B71.sql,FOND_ETL5_DRIVER_MASTER_INVALID
FOND_ID.USP_LOAD_ETL5_DRIVER_MASTER_SUNGL_B71.sql,FOND_ETL5_DRIVER_MASTER_SUNGL
FOND_ID.USP_LOAD_ETL5_DRIVER_MASTER_SUNGL_B71.sql,FOND_IFRS17_ETL5_PROC_LOG
FOND_ID.USP_LOAD_ETL5_RENEWAL_PREMIUM_DRIVER_DETAIL_YTD_SPLITTING.sql,USP_LOAD_ETL5_RENEWAL_PREMIUM_DRIVER_DETAIL_YTD_SPLITTING
FOND_ID.USP_LOAD_ETL5_RENEWAL_PREMIUM_DRIVER_DETAIL_YTD_SPLITTING.sql,FOND_ETL5_RENEWAL_PREMIUM_DRIVER_DETAIL_SPLITTING
FOND_ID.USP_LOAD_ETL5_RENEWAL_PREMIUM_DRIVER_DETAIL_YTD_SPLITTING.sql,USP_GetRunIdReturn
FOND_ID.USP_LOAD_ETL5_RENEWAL_PREMIUM_DRIVER_DETAIL_YTD_SPLITTING.sql,FOND_IFRS17_PROC_LOG
FOND_ID.USP_LOAD_ETL5_RENEWAL_PREMIUM_DRIVER_DETAIL_YTD_SPLITTING.sql,FOND_IFRS17_ICG_STORES
FOND_ID.USP_LOAD_ETL5_RENEWAL_PREMIUM_DRIVER_DETAIL_YTD_SPLITTING.sql,STAG_CONFIG_RENOVA_ETL1_MAPPING
FOND_ID.USP_LOAD_ETL5_RENEWAL_PREMIUM_DRIVER_DETAIL_YTD_SPLITTING.sql,STAG_CONFIG_IFRS17_PORTFOLIO_MAPPING
FOND_ID.USP_LOAD_ETL5_RENEWAL_PREMIUM_DRIVER_DETAIL_YTD_SPLITTING.sql,FOND_ETL5_LIFEASIA_DRIVER_DETAIL_PREMIUM_COLLECTED_RENEWAL_PREMIUM
FOND_ID.USP_LOAD_ETL5_RENEWAL_PREMIUM_DRIVER_DETAIL_YTD_SPLITTING.sql,FOND_ETL5_PRUEMAS_DRIVER_DETAIL
FOND_ID.USP_LOAD_ETL5_RENEWAL_PREMIUM_DRIVER_DETAIL_YTD_SPLITTING.sql,FOND_ETL5_PRUAMAN_DRIVER_DETAIL
FOND_ID.USP_LOAD_ETL5_RENEWAL_PREMIUM_DRIVER_DETAIL_YTD_SPLITTING.sql,FOND_ETL5_PRUAMAN_SHARIA_DRIVER_DETAIL
FOND_ID.USP_LOAD_ETL5_RENEWAL_PREMIUM_DRIVER_DETAIL_YTD_SPLITTING.sql,FOND_ETL5_PAYLIFE_DRIVER_DETAIL
FOND_ID.USP_LOAD_ETL5_RENEWAL_PREMIUM_DRIVER_DETAIL_YTD_SPLITTING.sql,FOND_ETL5_CREDITSHIELD_DRIVER_DETAIL
FOND_ID.USP_LOAD_ETL5_RENEWAL_PREMIUM_DRIVER_DETAIL_YTD_SPLITTING.sql,FOND_ETL5_RENEWAL_PREMIUM_DRIVER_DETAIL
FOND_ID.USP_LOAD_ETL5_RENEWAL_PREMIUM_DRIVER_DETAIL_YTD_SPLITTING.sql,FOND_IFRS17_ETL5_PROC_LOG
FOND_ID.USP_ETL5_SUNGL_COMPLETENESS_CHECK.sql,USP_ETL5_SUNGL_COMPLETENESS_CHECK
FOND_ID.USP_ETL5_SUNGL_COMPLETENESS_CHECK.sql,USP_GetRunIdReturn
FOND_ID.USP_ETL5_SUNGL_COMPLETENESS_CHECK.sql,FOND_IFRS17_PROC_LOG
FOND_ID.USP_ETL5_SUNGL_COMPLETENESS_CHECK.sql,STAG_SUNGL_ABSTR_IFRS4_SUNGL
FOND_ID.USP_ETL5_SUNGL_COMPLETENESS_CHECK.sql,FOND_ETL5_SUNGL_EXTRACT
FOND_ID.USP_ETL5_SUNGL_COMPLETENESS_CHECK.sql,STAG_ETL4_INTEGRATION_TEST
FOND_ID.USP_ETL5_SUNGL_COMPLETENESS_CHECK.sql,FOND_ETL5_SUNGL_EXTRACT_BIN
FOND_ID.USP_ETL5_SUNGL_COMPLETENESS_CHECK.sql,STAG_SUNGL_ABSTR_IFRS4_SUNGL_NEW_ENTRIES
FOND_ID.USP_ETL5_SUNGL_COMPLETENESS_CHECK.sql,FOND_ETL5_EXCLUSION_CONFIG
FOND_ID.USP_ETL5_SUNGL_COMPLETENESS_CHECK.sql,FOND_ETL5_SUNGL_COMPLETENESS_CHECK
FOND_ID.USP_ETL5_SUNGL_COMPLETENESS_CHECK.sql,FOND_IFRS17_ETL5_PROC_LOG
FOND_ID.USP_ETL5_SUNGL_COMPLETENESS_CHECK.sql,"FOND_ETL5_SUNGL_COMPLETENESS_CHECK,@V_TOTAL_ROWS,MTD,@V_PERIOD"
FOND_ID.USP_LOAD_ETL5_COMBINE_SUNGL_MJE.sql,USP_LOAD_ETL5_COMBINE_SUNGL_MJE
FOND_ID.USP_LOAD_ETL5_COMBINE_SUNGL_MJE.sql,USP_GetRunIdReturn
FOND_ID.USP_LOAD_ETL5_COMBINE_SUNGL_MJE.sql,USP_LOAD_ETL5_IFRS4_SUNGL
FOND_ID.USP_LOAD_ETL5_COMBINE_SUNGL_MJE.sql,USP_LOAD_ETL5_SUNGL_EXTRACT
FOND_ID.USP_LOAD_ETL5_COMBINE_SUNGL_MJE.sql,USP_LOAD_ETL5_SUNGL_EXTRACT_BINEXCLUSION_SEPARATION
FOND_ID.USP_LOAD_ETL5_COMBINE_SUNGL_MJE.sql,USP_FOND_ETL5_SUNGL_EXTRACT_BIN_PARTIAL_AUTOMATION_BIN_CONFIG_GENERATION
FOND_ID.USP_LOAD_ETL5_COMBINE_SUNGL_MJE.sql,USP_FOND_ETL5_SUNGL_EXTRACT_BIN_PARTIAL_AUTOMATION_EXCLUSION_CONFIG_GENERATION
FOND_ID.USP_LOAD_ETL5_COMBINE_SUNGL_MJE.sql,USP_LOAD_ETL5_IFRS4_SUNGL_FMC_BALANCING
FOND_ID.USP_LOAD_ETL5_SUNGL_EXTRACT.sql,USP_LOAD_ETL5_SUNGL_EXTRACT
FOND_ID.USP_LOAD_ETL5_SUNGL_EXTRACT.sql,FOND_ETL5_SUNGL_EXTRACT
FOND_ID.USP_LOAD_ETL5_SUNGL_EXTRACT.sql,USP_GetRunIdReturn
FOND_ID.USP_LOAD_ETL5_SUNGL_EXTRACT.sql,FOND_IFRS17_PROC_LOG
FOND_ID.USP_LOAD_ETL5_SUNGL_EXTRACT.sql,FOND_ETL5_IFRS4_SUNGL
FOND_ID.USP_LOAD_ETL5_SUNGL_EXTRACT.sql,FOND_ETL5_EXCLUSION_CONFIG
FOND_ID.USP_LOAD_ETL5_SUNGL_EXTRACT.sql,FOND_ETL5_BIN_ACCOUNT_CONFIG
FOND_ID.USP_LOAD_ETL5_SUNGL_EXTRACT.sql,FOND_IFRS17_ETL5_PROC_LOG
FOND_ID.USP_LOAD_ETL5_IFRS4_SUNGL_SPLITTING.sql,USP_LOAD_ETL5_IFRS4_SUNGL_SPLITTING
FOND_ID.USP_LOAD_ETL5_IFRS4_SUNGL_SPLITTING.sql,FOND_ETL5_IFRS4_SUNGL
FOND_ID.USP_LOAD_ETL5_IFRS4_SUNGL_SPLITTING.sql,FOND_LIFEASIA_ETL4_LIFEASIA
FOND_ID.USP_LOAD_ETL5_IFRS4_SUNGL_SPLITTING.sql,FOND_LIFEASIA_ETL4_LIFEASIA_INVALID
FOND_ID.USP_LOAD_ETL5_IFRS4_SUNGL_SPLITTING.sql,USP_GetRunIdReturn
FOND_ID.USP_LOAD_ETL5_IFRS4_SUNGL_SPLITTING.sql,FOND_IFRS17_PROC_LOG
FOND_ID.USP_LOAD_ETL5_IFRS4_SUNGL_SPLITTING.sql,STAG_SUNGL_ABSTR_IFRS4_SUNGL_NEW_ENTRIES
FOND_ID.USP_LOAD_ETL5_IFRS4_SUNGL_SPLITTING.sql,STAG_SUNGL_ABSTR_IFRS4_SUNGL_NEW_ENTRIES_ETL5
FOND_ID.USP_LOAD_ETL5_IFRS4_SUNGL_SPLITTING.sql,STAG_SUNGL_ABSTR_IFRS4_SUNGL
FOND_ID.USP_LOAD_ETL5_IFRS4_SUNGL_SPLITTING.sql,FOND_ETL5_BIN_ACCOUNT_CONFIG
FOND_ID.USP_LOAD_ETL5_IFRS4_SUNGL_SPLITTING.sql,FOND_ETL5_SUNGL_COA_IN_USE
FOND_ID.USP_LOAD_ETL5_IFRS4_SUNGL_SPLITTING.sql,FOND_IFRS17_ETL5_PROC_LOG
